protein_path,ligand
./data/8efo_cleaned.pdb,Oc1ccc2c3c1O[C@@H]1c4ncc(-c5ccc(F)cc5F)cc4C[C@]4(OCCCc5ccccc5)[C@H](C2)N(CC2CC2)CC[C@@]314
./data/8efo_cleaned.pdb,CNC(=O)Cn1c(=O)n(C2CCN(C3CCCCCCCCC3)CC2)c2ccccc21
./data/8efo_cleaned.pdb,O=C1N[C@H](Cc2c[nH]c3ccccc23)C(=O)N[C@@H](Cc2ccc(O)cc2)C(=O)N2CCC[C@@H]2C(=O)N[C@H]1Cc1ccccc1
./data/8efo_cleaned.pdb,O=C1[C@@H](CCO)CC2=C([C@H]3Oc4c(O)ccc5c4[C@]34CCN(CC3CC3)[C@@H](C5)[C@@]4(O)C2)N1Cc1ccccc1
./data/8efo_cleaned.pdb,COC(=O)NC1(c2ccc(F)cn2)C[C@@H]2CC[C@@H](C1)N2C(c1ccccc1Cl)c1ccccc1Cl
./data/8efo_cleaned.pdb,C[C@@H](c1ccco1)N(C)CC(=O)N1CCC(C(N)=O)CC1
./data/8efo_cleaned.pdb,O=c1[nH]c2cc(Cl)c(Cl)cc2n1C1CCN(Cc2ccc(Cl)cc2)CC1
./data/8efo_cleaned.pdb,COc1ccc2c3c1O[C@@H]1[C@]34CCN(C)[C@H](C2)[C@]42CC[C@@]1(OC)[C@@H](COCc1ccccc1C)C2
./data/8efo_cleaned.pdb,CO[C@]12CC[C@@H](NCCCC(=O)O)[C@H]3Oc4c(O)ccc5c4[C@]31CCN(C)[C@H]2C5
./data/8efo_cleaned.pdb,Cl.Oc1ccc2c3c1O[C@@H]1c4nc5ccccc5cc4C[C@]4(O)[C@H](C2)N(CCF)CC[C@@]314
./data/8efo_cleaned.pdb,CC1(C)OC2(CCN(CCc3ccccc3)CC2)CN(c2ccccc2)C1=O
./data/8efo_cleaned.pdb,O=C(O)C(F)(F)F.O=C(O)CCC(=O)N(CCN1[C@H]2CC[C@@H]1C[C@H](c1cccc(O)c1)C2)Cc1c(F)cccc1F
./data/8efo_cleaned.pdb,CN1CC[C@]23c4c5ccc(O)c4O[C@H]2[C@@H](O)C=C[C@H]3[C@H]1C5
./data/8efo_cleaned.pdb,COC(=O)[C@@H]1C=C(OC(=O)c2ccc([N+](=O)[O-])cc2)C(=O)[C@H]2[C@@]1(C)CC[C@H]1C(=O)O[C@H](c3ccoc3)C[C@@]12C
./data/8efo_cleaned.pdb,NC(=O)[C@H](Cc1ccccc1)NC(=O)[C@H](Cc1ccccc1)NC(=O)[C@@H]1CCCN1C(=O)[C@@H](N)Cc1ccc(O)cc1
./data/8efo_cleaned.pdb,CO[C@]12CC[C@H](N[C@H](CCC(N)=O)C(=O)O)[C@H]3Oc4c(O)ccc5c4[C@]31CCN(C)[C@H]2C5
./data/8efo_cleaned.pdb,CCC(=O)N(c1ccccc1)C1CCN(CCC(c2ccccc2)c2ccccc2)CC1
./data/8efo_cleaned.pdb,CC(=O)N[C@@H]1CCN(c2nc3ccccc3n(C3CCN(C4CCCCCCC4)CC3)c2=O)C1
./data/8efo_cleaned.pdb,Cc1cccc(CN2[C@H]3CC[C@@H]2C[C@@H](Oc2cccc(C(N)=O)c2)C3)c1
./data/8efo_cleaned.pdb,CCC(=O)N(c1ccccc1)C1(C(=O)OC)CC[N+]([O-])(CCc2ccccc2)CC1
./data/8efo_cleaned.pdb,CN(C)CC(O)C(=O)N(CCN1[C@H]2CC[C@@H]1C[C@H](c1cccc(C(N)=O)c1)C2)CC1CCCCC1
./data/8efo_cleaned.pdb,CO[C@]12CCCC[C@]13CCN(CC1CCC1)[C@H]2Cc1ccc(O)cc13
./data/8efo_cleaned.pdb,COC(=O)CN1C(=O)C2(CCN(CC3CCCCCCC3)CC2)c2ccccc21
./data/8efo_cleaned.pdb,CCC(=O)N(CCN1CCC(Cc2ccccc2)CC1)c1ncccc1F
./data/8efo_cleaned.pdb,Clc1ccc(Nc2nc3ccccc3c3[nH]c([C@H]4C[C@H]5CCC[C@H](C5)C4)nc23)cc1Cl
./data/8efo_cleaned.pdb,Cc1cccc2c1C1(CCN(CC3CCCCCCC3)CC1)C(=O)N2C
./data/8efo_cleaned.pdb,COc1cccc2c1O[C@H]1CCC[C@H]3CN(CCc4ccccc4)CC[C@]213
./data/8efo_cleaned.pdb,Cc1ccc2nc(CNCCCOc3ccccc3)cc(O)c2c1
./data/8efo_cleaned.pdb,O=C1N[C@H](Cc2c[nH]c3ccccc23)C(=O)N[C@@H](Cc2ccccc2)C(=O)N2CCC[C@@H]2C(=O)N[C@H]1Cc1ccccc1
./data/8efo_cleaned.pdb,C[C@@H](NC(=O)[C@@H](N)Cc1ccc(O)cc1)C(=O)NCC(=O)N(C)[C@@H](Cc1ccccc1)C(=O)NCCO
./data/8efo_cleaned.pdb,O=C1CC[C@@]2(O)[C@H]3Cc4ccc(O)c5c4[C@@]2(CCN3CC2CC2)[C@H]1O5
./data/8efo_cleaned.pdb,COc1ccc(CN(C)CCCNC(=O)c2ccc3ccccc3n2)cc1OC
./data/8efo_cleaned.pdb,CCC(=O)N(c1ccccc1)C1CCN(CCc2ccccc2)CC1
./data/8efo_cleaned.pdb,CN(C)CCCC(=O)N(CCN1[C@H]2CC[C@@H]1C[C@H](c1cccc(C(N)=O)c1)C2)CC1CCCCC1
./data/8efo_cleaned.pdb,COc1ccc2c3c1O[C@@H]1[C@]34CCN(CC3CC3)[C@H](C2)[C@]42CC[C@@]1(OC)[C@@H](COC/C=C/c1ccccc1)C2
./data/8efo_cleaned.pdb,CN1CCc2c(sc(NC(=O)Cc3ccccc3)c2C#N)C1.Cl
./data/8efo_cleaned.pdb,Cc1cc(O)cc(C)c1C[C@@H](N)C(=O)N1Cc2ccccc2C[C@H]1C(=O)NCC(=O)N1CCc2ccccc2C1
./data/8efo_cleaned.pdb,CCN1CCN(c2cc3[nH]c(S[C@]4(C)CC[C@@H](N(C)C(C)=O)CC4)nc3cc2Cl)CC1
./data/8efo_cleaned.pdb,O=c1[nH]c2c(Cl)cccc2n1C1CCN(Cc2ccccc2Cl)CC1
./data/8efo_cleaned.pdb,CC(C)OCCn1c2cc[nH]c2c(=O)[nH][11c]1=S
./data/8efo_cleaned.pdb,c1ccc([C@@]2(CCNCc3ccsc3)CCOC3(CCCC3)C2)nc1
./data/8efo_cleaned.pdb,NC(=O)c1cccc(C2C[C@@H]3CC[C@@H](C2)N3Cc2c(F)cccc2F)c1
./data/8efo_cleaned.pdb,COc1ccc2c3c1O[C@@H]1[C@]34CCN(C)[C@H](C2)[C@]42CC[C@@]1(OC)[C@@H](COCc1ccncc1)C2
./data/8efo_cleaned.pdb,CN1CC[C@]23c4cccc(O)c4O[C@H]2CCC[C@H]3C1
./data/8efo_cleaned.pdb,CCC(CC)Sc1nc2cc(Cl)c(N3CCN(CCO)CC3)cc2[nH]1
./data/8efo_cleaned.pdb,CNC(=O)CN1N=C(c2ccccc2)C2(CCN(C3CCC4CCCCC4C3)CC2)C1=O
./data/8efo_cleaned.pdb,C[C@H]1C[C@H]2C[C@@H](C1)C[C@H](N1[C@H]3CCC[C@@H]1C[C@H](n1c(=O)c(N4CC(C(=O)O)C4)nc4ccccc41)C3)C2
./data/8efo_cleaned.pdb,Cc1ccc2[nH]c3c(c2c1)CC(C)OC31CCC(c2ccccc2)(N(C)C)CC1
./data/8efo_cleaned.pdb,O=C1CC[C@@]2(NCC/C=C/c3ccc(Cl)cc3)[C@H]3Cc4ccc(O)c5c4[C@@]2(CCN3CC2CC2)[C@H]1O5
./data/8efo_cleaned.pdb,CN(C)C(=O)C(CCN1CCC(O)(c2ccc(Cl)cc2)CC1)(c1ccccc1)c1ccccc1
./data/8efo_cleaned.pdb,O=C(CCCCCCCCC(=O)Oc1ccc2c3c1O[C@H]1C(=O)CC[C@@]4(O)[C@@H](C2)N(CC2CC2)CC[C@]314)Oc1ccc2c(c1)[C@@]13CCCCC1[C@@H](C2)N(CC1CCC1)CC3
./data/8efo_cleaned.pdb,C[C@@H]1CN2CCN(Cc3cccnc3)C[C@@H]2C[C@]1(C)c1cccc(O)c1
./data/8efo_cleaned.pdb,CC(C)C[C@H](NC(=O)[C@H](Cc1ccccc1)NC(=O)CNC(=O)CNC(=O)[C@@H](N)Cc1ccc(O)cc1)C(=O)NCC(=O)N[C@@H](C)C(=O)N[C@@H](CCCNC(=N)N)C(=O)N[C@@H](CCCCN)C(=O)N[C@@H](CO)C(=O)N[C@@H](C)C(=O)N[C@@H](CCCNC(=N)N)C(=O)N[C@@H](CCCCN)C(N)=O
./data/8efo_cleaned.pdb,Cc1cc(O)cc(C)c1C[C@H](N)C(=O)N[C@H](CCCNC(=N)N)C(=O)N[C@H]1Cc2ccccc2CN(CCC(=O)N[C@@H](CCCNC(=N)N)C(=O)N[C@@H](Cc2ccc(O)cc2)C(=O)N[C@@H](Cc2ccc(O)cc2)C(=O)N[C@@H](CCCNC(=N)N)C(=O)N[C@@H](Cc2c[nH]c3ccccc23)C(=O)N[C@@H](CCCNC(=N)N)C(N)=O)C1=O
./data/8efo_cleaned.pdb,CCOCCN1CC[C@@]23Cc4nc5ccccc5cc4C[C@]2(O)[C@@H]1Cc1ccc(O)cc13.Cl.Cl
./data/8efo_cleaned.pdb,NC(=O)CNc1nc2ccccc2n([C@@H]2C[C@@H]3CC[C@H](C2)N3C2CCCCCCC2)c1=O
./data/8efo_cleaned.pdb,CC(C)NC(=O)C1=C(O)[C@H]2Oc3c(O)ccc4c3[C@]23CCN(CC2CC2)[C@@H](C4)[C@@]3(O)C1
./data/8efo_cleaned.pdb,CC(=O)C1=C(O)[C@H]2Oc3c(O)ccc4c3[C@]23CCN(CC2CC2)[C@@H](C4)[C@@]3(O)C1
./data/8efo_cleaned.pdb,CCS(=O)(=O)N1CCC(C(=O)NCCCN2CCN(c3ccccc3F)CC2)CC1
./data/8efo_cleaned.pdb,c1c2c(cc3sc(NN4CCNCC4)nc13)C[C@H]1[C@H]3CCCC[C@@]23CCN1CC1CC1
./data/8efo_cleaned.pdb,OCCn1cc(C2CCN(C3Cc4cccc5cccc3c45)CC2)c2cccnc21
./data/8efo_cleaned.pdb,Cc1ccc(C(c2ccccc2Cl)N2C3CCC2CC(O)(C2CCCN2Cc2ccccc2)C3)c(Cl)c1
./data/8efo_cleaned.pdb,C[C@@H]1CN(CCCc2ccccc2)[C@H]2C[C@H](NCC3CC3)C[C@]1(c1cccc(O)c1)C2.Cl.Cl
./data/8efo_cleaned.pdb,Oc1cccc(O[C@@H]2C[C@@H]3CC[C@H](C2)N3Cc2ccccc2)c1
./data/8efo_cleaned.pdb,COc1ccc2c(c1)[C@]13CCN(CC4CC4)[C@H](C2)[C@]1(O)C[C@H](CCO)C(=O)C3
./data/8efo_cleaned.pdb,NC(=O)[C@@]1(c2ccc(N)cn2)C[C@@H]2CC[C@H](C1)N2C(c1ccccc1Cl)c1ccccc1Cl
./data/8efo_cleaned.pdb,Cc1cc(N)c2cc(NC(=O)c3ccccc3COc3ccc(CNCCCCCN)cc3)ccc2n1
./data/8efo_cleaned.pdb,C[C@H]1C2Cc3cc4nc[nH]c4cc3[C@@]1(C)CCN2CC1CC1
./data/8efo_cleaned.pdb,Fc1ccc([C@@]2(CCNCc3ccccc3)CCOC3(CCCC3)C2)cc1
./data/8efo_cleaned.pdb,CN1CCC(c2ccccc2)(c2ccccc2)C1
./data/8efo_cleaned.pdb,CCCN(CCC)C1CCc2ccc(O)cc2C1(C)C
./data/8efo_cleaned.pdb,O=C1NC[C@H](Cc2ccccc2)N(C[C@H]2CCCN2C[C@H](Cc2ccc(O)cc2)N2C[C@H](Cc3ccc(O)cc3)N(CC3CCCCCC3)C(=O)C2=O)C1=O
./data/8efo_cleaned.pdb,CN1CC[C@@]23c4c5ccc(O)c4O[C@@H]2c2ncc(-c4ccc(Cl)cc4)cc2C[C@]3(OC(=O)CCc2ccccc2)[C@@H]1C5
./data/8efo_cleaned.pdb,CC(=O)N1CCC2(CCC(Cc3ccccc3)(N(C)C)CC2)C1
./data/8efo_cleaned.pdb,CCC(=O)N(c1ccccc1)C1CCN(CC(F)c2ccccc2F)CC1
./data/8efo_cleaned.pdb,COCCOCCOCCOCCOCCOCCOCCO[C@H]1CC[C@@]2(O)C3Cc4ccc(OC)c5c4[C@@]2(CCN3C)[C@H]1O5
./data/8efo_cleaned.pdb,NC(=O)c1cccc([C@@H]2C[C@@H]3CC[C@H](C2)N3CCN(CC2CCCC2)C(=O)[C@@H](O)CO)c1.O=C(O)C(F)(F)F
./data/8efo_cleaned.pdb,C[C@@H]1CN(CCCc2ccccc2)[C@@H]2CCC[C@]1(c1cccc(O)c1)C2.Cl
./data/8efo_cleaned.pdb,CCOc1ccc(Cc2nc3cc(NC(=N)c4cccs4)ccc3n2CCC2CCCN2C)cc1.Cl.Cl
./data/8efo_cleaned.pdb,COc1ccc2c3c1O[C@@H]1[C@]34CC[N+](C)(CC3CC3)[C@H](C2)[C@]42CC[C@@]1(OC)[C@@H](COCc1ccoc1)C2
./data/8efo_cleaned.pdb,O=C(NCCc1ccccc1)[C@H]1CCN(C(=O)Cc2ccc(O)cc2)[C@@H]1C(=O)NCCc1c[nH]c2ccccc12
./data/8efo_cleaned.pdb,CCC(=O)N(c1ccccc1)C1CCN(Cc2ccccc2)CC1
./data/8efo_cleaned.pdb,Cc1cc(C(N)=O)cc(C)c1C[C@H](N)C(=O)N[C@@H](CO)C(=O)NCC(=O)N[C@@H](Cc1ccccc1)C(=O)N[C@@H](CC(C)C)C(=O)N[C@H](C(=O)O)[C@@H](C)O
./data/8efo_cleaned.pdb,CC1OC2(CCN(CCc3ccccc3F)CC2)CN(c2ccccc2)C1=O
./data/8efo_cleaned.pdb,COc1cc(C)c2c3c1O[C@H]1[C@@H](O)[C@H](C)C[C@H]4[C@@H](C2)N(C)CC[C@]314
./data/8efo_cleaned.pdb,C[C@H]1CN(CCO)CCN1c1cc2[nH]c(SC(C)(C)C)nc2cc1Cl
./data/8efo_cleaned.pdb,C[C@@H](NC(=O)[C@@H](N)Cc1ccc(O)cc1)C(=O)N[C@@H](Cc1ccccc1)C(=O)NCC(=O)O
./data/8efo_cleaned.pdb,O=C1/C(=C/c2ccccc2)C[C@]2(O)[C@@H]3Cc4ccc(O)c5c4[C@]2(CCN3CCc2ccccc2)[C@@H]1O5
./data/8efo_cleaned.pdb,CCc1ccc(C(=O)NCC2c3ccccc3CCN2C)cc1
./data/8efo_cleaned.pdb,CN1C(=O)c2ccccc2CC1CN1CCC2(CCc3ccccc32)CC1
./data/8efo_cleaned.pdb,CNC(=O)Cn1c(=O)n(C2CCN(CC3CCCCC3)CC2)c2ccccc21
./data/8efo_cleaned.pdb,CC(C)C[C@@H](NC(=O)[C@@H](CO[C@H]1O[C@@H](CO)[C@H](O)[C@@H](O)[C@@H]1O)NC(=O)[C@@H](CCCCN)NC(=O)[C@@H](CC(C)C)NC(=O)[C@@H](C)NC(=O)[C@@H](CCCCN)NC(=O)[C@@H](CCC(=O)O)NC(=O)C(C)(C)NC(=O)[C@@H](CC(C)C)NC(=O)[C@@H](CC(N)=O)NC(=O)[C@H]1CCCN1C(=O)[C@@H](Cc1ccccc1)N(C)C(=O)CNC(=O)[C@H](C)NC(=O)[C@H](N)Cc1ccc(O)cc1)C(N)=O
./data/8efo_cleaned.pdb,CSCC[C@@H](NC(=O)[C@H](Cc1ccccc1)NC(=O)CNC(=O)[C@@H](C)NC(=O)[C@@H](N)Cc1ccc(O)cc1)C(=O)N1CCC[C@H]1C(=O)N[C@@H](CCC(N)=O)C(=O)N[C@@H](CCCNC(=N)N)C(=O)N[C@@H](Cc1ccccc1)C(N)=O
./data/8efo_cleaned.pdb,CC[C@@H]1CN2CCc3c([nH]c4cccc(C)c34)[C@@H]2C[C@@H]1/C(=C\OC)C(=O)OC
./data/8efo_cleaned.pdb,COC(=O)C(CCN1CCC(O)(c2ccc(Cl)cc2)CC1)(c1ccccc1)c1ccccc1
./data/8efo_cleaned.pdb,CN(C)[C@]1(c2ccccc2)CC[C@@H](NCCc2c[nH]c3ccccc23)CC1.Cl.Cl
./data/8efo_cleaned.pdb,Oc1ccc2c(c1)[C@@]13CCN(CC4CC4)[C@H](C2)[C@@]1(O)Cc1c([nH]c2ccccc12)C3
./data/8efo_cleaned.pdb,CC1Cc2c([nH]c3ccccc23)C2(CCC(c3ccccc3)(N(C)C)CC2)N1
./data/8efo_cleaned.pdb,COCCOCCOCCOCCOCCOCCO[C@H]1CC[C@@]2(O)[C@H]3Cc4ccc(O)c5c4[C@@]2(CCN3CC2CCC2)C1O5
./data/8efo_cleaned.pdb,Cc1cc(O)cc(C)c1C[C@H](N)[C@@H](O)C/C=C/[C@@H](O)[C@@H](Cc1ccccc1)C(=O)NCCc1ccccc1
./data/8efo_cleaned.pdb,COc1ccc(CN(CCNC(=O)c2ccc(CNS(=O)(=O)c3ccccc3)cc2)C(C)C)cc1
./data/8efo_cleaned.pdb,COc1ccccc1N1CC2(CCN(CCc3ccccc3)CC2)OC(C)C1=O
./data/8efo_cleaned.pdb,C=C(C(N)=O)[C@H](NC(=O)[C@@H](Cc1c[nH]c2ccccc12)NC(=O)[C@H]1CCN(C(=O)[C@H](N)Cc2c(C)cc(O)cc2C)C1)c1ccccc1
./data/8efo_cleaned.pdb,CC[C@H](C)[C@H](NC(=O)[C@H](CCCN=C(N)N)NC(=O)[C@H](CCCN=C(N)N)NC(=O)[C@H](CC(C)C)NC(=O)[C@H](Cc1ccccc1)NC(=O)CNC(=O)CNC(=O)[C@@H](N)Cc1ccc(O)cc1)C(=O)N[C@@H](CCCN=C(N)N)C(=O)N1CCC[C@H]1C(=O)N[C@@H](CCCCN)C(N)=O
./data/8efo_cleaned.pdb,CN(C)C1(c2ccccc2)CCC(c2ccccc2)(N(C)C(=O)/C=C/c2ccccc2)CC1
./data/8efo_cleaned.pdb,CCOc1ccc(Cc2nc3cc(NC(=N)N[N+](=O)[O-])ccc3n2CCN(CC)CC)cc1.Cl.Cl
./data/8efo_cleaned.pdb,C[C@H]1CN(C[C@H](Cc2ccccc2)C(=O)NCC(=O)O)CC[C@@]1(C)c1cccc(O)c1
./data/8efo_cleaned.pdb,CN1CC[C@]23c4c5ccc(O)c4O[C@H]2[C@@H](O)C=C[C@H]3[C@H]1C5
./data/8efo_cleaned.pdb,CCCCCCCN1C[C@H](C)[C@](C)(c2cccc(O)c2)C[C@H]1CCC
./data/8efo_cleaned.pdb,C[C@@H](NC(=O)[C@@H](N)Cc1ccc(O)cc1)C(=O)NCC(=O)N(C)[C@@H](Cc1ccccc1)C(=O)NCCO
./data/8efo_cleaned.pdb,CN(C)CC1CN(C(=O)Cc2ccc(Cl)cc2)CCC1(O)c1cccc(O)c1
./data/8efo_cleaned.pdb,NC(=O)NCCC[C@H]1NC(=O)[C@@H](NC(=O)[C@H](N)Cc2ccc(O)cc2)CCCCNC(=O)CNC(=O)[C@@H](Cc2ccc(O)cc2)NC1=O
./data/8efo_cleaned.pdb,CN1CC[C@]23c4c5ccc(NCc6ccccc6O)c4O[C@H]2[C@@H](O)C=C[C@H]3[C@H]1C5
./data/8efo_cleaned.pdb,C[C@@H](NC(=O)[C@@H](N)Cc1ccc(O)cc1)C(=O)NCC(=O)N(C)[C@@H](Cc1ccccc1)C(=O)NCCO
./data/8efo_cleaned.pdb,N[C@H](Cc1ccc(O)cc1)C(=O)N[C@H]1C/C=C/C[C@H](NC(=O)[C@H](N)Cc2ccc(O)cc2)C(=O)NCC(=O)N[C@H](Cc2ccccc2)C(=O)NNC(=O)[C@@H](Cc2ccccc2)NC(=O)CNC1=O.O=C(O)C(F)(F)F.O=C(O)C(F)(F)F
./data/8efo_cleaned.pdb,CN1CCc2c(sc(/N=C/c3cc(Cl)ccc3O)c2C#N)C1
./data/8efo_cleaned.pdb,Cc1cc(O)cc(C)c1C[C@H](N)C(=O)N[C@@H](C)C(=O)NCC(=O)N[C@@H](Cc1ccc(F)cc1)C(=O)N1CCC[C@H]1C(=O)N[C@@H](CC(C)C)C(=O)N[C@@H](Cc1c[nH]c2ccccc12)C(=O)NCc1cc(C(F)(F)F)cc(C(F)(F)F)c1
./data/8efo_cleaned.pdb,O=C1[C@H](CCO)CC2=C([C@H]3Oc4c(O)ccc5c4[C@]34CCN(CC3CC3)[C@@H](C5)[C@@]4(O)C2)N1Cc1ccccc1
./data/8efo_cleaned.pdb,CCCC(=O)N(Cc1ccccc1)C1CCN(CCc2ccccc2)CC1
./data/8efo_cleaned.pdb,O=c1[nH]c2ccc(Cl)cc2n1C1CCN(Cc2ccc(Br)cc2F)CC1
./data/8efo_cleaned.pdb,CC1(C)c2[nH]nc(Nc3ncnc4ccoc34)c2CN1C(=O)N[C@H]1C[C@@H]1c1ccccc1
./data/8efo_cleaned.pdb,CC[C@H](C)[C@H](NC(=O)[C@H](CCCNC(=N)N)NC(=O)[C@H](CC(C)C)NC(=O)[C@H](Cc1ccccc1)NC(=O)CNC(=O)CNC(=O)[C@@H](N)Cc1ccc(O)cc1)C(=O)N[C@@H](CCCNC(=N)N)C(N)=O
./data/8efo_cleaned.pdb,O=C1CCc2ccc(OCCCCN3CCN(c4cccc(Cl)c4Cl)CC3)cc2N1
./data/8efo_cleaned.pdb,Oc1ccc2c3c1O[C@H]1c4[nH]c5c(c4C[C@@]4(O)[C@@H](C2)N(CC2CC2)CC[C@]314)C[C@@]1(O)[C@H]2Cc3ccc(O)c4c3[C@@]1(CCN2CC1CC1)[C@H]5O4
./data/8efo_cleaned.pdb,O=C(c1ccco1)N(Cc1cccc(F)c1)C1CCN(CCc2ccccc2)CC1
./data/8efo_cleaned.pdb,Cc1cc(N2CCCc3cc(C(N)=O)ccc32)ccc1CNCCC1=CCCCC1
./data/8efo_cleaned.pdb,Cc1cc(O)cc(C)c1C[C@@H](N)C(=O)N[C@H]1CCCCNC(=O)C[C@H](C(N)=O)NC(=O)[C@H](Cc2cccc3ccccc23)NC(=O)[C@@H](Cc2ccccc2)NC1=O
./data/8efo_cleaned.pdb,Clc1ccc(CN2CCN(c3ncccn3)CC2)cc1
./data/8efo_cleaned.pdb,CN1CC[C@]23c4c5ccc(O)c4O[C@H]2c2[nH]c4ccccc4c2C[C@@]3(CCCc2ccccc2)C1C5
./data/8efo_cleaned.pdb,Cc1ccc(CNCC[C@]2(c3ccccn3)CCOC3(CCCC3)C2)o1
./data/8efo_cleaned.pdb,CCCCCCCNCc1ccc(OCc2ccccc2C(=O)Nc2ccc3nc(C)cc(N)c3c2)cc1
./data/8efo_cleaned.pdb,C[C@@H](NC(=O)[C@@H](N)Cc1ccc(O)cc1)C(=O)NCC(=O)N(C)[C@@H](Cc1ccccc1)C(=O)NCCO
./data/8efo_cleaned.pdb,O=C(Nc1ccc(OC(F)F)cc1)N(CCN1[C@H]2CC[C@@H]1C[C@H](c1cccc(O)c1)C2)CC1CCCCC1
./data/8efo_cleaned.pdb,Br.Oc1ccc(C2CNCc3sccc32)cc1O
./data/8efo_cleaned.pdb,Cc1cc(O)cc(C)c1C[C@H](N)C(=O)N[C@H]1CSSC[C@@H](C(=O)NCC(=O)N[C@H](CCCNC(=N)N)C(=O)N[C@H](CCCNC(=N)N)C(=O)O)NC(=O)[C@H](Cc2ccc(Cl)cc2)NC(=O)[C@H](Cc2ccccc2)NC1=O
./data/8efo_cleaned.pdb,O=C1NC[C@H](c2ccc(F)cc2)C12CCN([C@@H]1CCCC[C@@H]1c1ccc(F)cc1)CC2
./data/8efo_cleaned.pdb,NC(=O)CNc1nc2ccccc2n([C@H]2C[C@@H]3CC[C@H](C2)N3C2CCCCCCC2)c1=O
./data/8efo_cleaned.pdb,Cl.Oc1cccc([C@]23CCC[C@H](C2)N(C[C@H]2C[C@@H]2c2ccccc2)CC3)c1
./data/8efo_cleaned.pdb,CCC[C@@H]1C[C@@](C)(c2cccc(O)c2)[C@@H](C)CN1CCC
./data/8efo_cleaned.pdb,Cc1ccc(S(=O)(=O)N2CCOCC2)cc1NC(=O)CNCc1cccnc1.O=C(O)C(=O)O
./data/8efo_cleaned.pdb,CCN(CC)C(=O)c1ccc(N(c2cccc(OC)c2)C2CCN(CCc3ccoc3)CC2)cc1
./data/8efo_cleaned.pdb,C[C@H]1C2Cc3ccc(C(N)=O)cc3[C@@]1(C)CCN2CC1CC1
./data/8efo_cleaned.pdb,CCC(=O)N(CCCCCN1CCC(Cc2ccccc2)CC1)c1ccc(OC)cc1
./data/8efo_cleaned.pdb,Cl.Oc1ccc(CCN(CCc2cccc(O)c2)CC2CC2)cc1
./data/8efo_cleaned.pdb,O=C(O)C(CCN1CCC(O)(c2cccc(C(F)(F)F)c2)CC1)(c1ccccc1)c1ccccc1
./data/8efo_cleaned.pdb,O=C(CCCCCCCCC(=O)Oc1ccc2c3c1O[C@H]1[C@H](O)CC[C@@]4(O)[C@@H](C2)N(CC2CCC2)CC[C@]314)Oc1ccc2c(c1)[C@@]13CCCCC1[C@@H](C2)N(CC1CCC1)CC3
./data/8efo_cleaned.pdb,C[C@@H]1CN2CCN(Cc3cccc(OCc4ccccc4)c3)C[C@@H]2C[C@]1(C)c1cccc(O)c1
./data/8efo_cleaned.pdb,CCC(=O)N(CC1(N2CCN(Cc3ccccc3)CC2)CC1)c1cccc(F)c1
./data/8efo_cleaned.pdb,COc1ccc2c3c1O[C@@H]1[C@]34CCN(CC3CC3)[C@H](C2)[C@]42CC[C@@]1(OC)[C@@H](COCc1ccc3ccccc3c1)C2
./data/8efo_cleaned.pdb,C[C@@H](CN1[C@H]2CC[C@@H]1C[C@H](c1cccc(O)c1)C2)N(Cc1ccccc1)C(=O)C1CC1
./data/8efo_cleaned.pdb,CCCC1CCC(N2CCC(N3c4ccccc4CNS3(=O)=O)CC2)CC1
./data/8efo_cleaned.pdb,O=C(N[C@]12CCC(=O)[C@H]3Oc4c(O)ccc5c4[C@]31CCN(CC1CC1)[C@H]2C5)c1ccccc1
./data/8efo_cleaned.pdb,Oc1ccc2c3c1O[C@@H]1c4ncc(-c5ccccc5)cc4C[C@]4(OCCCc5ccc(F)cc5)[C@H](C2)N(CC2CC2)CC[C@@]314
./data/8efo_cleaned.pdb,CC1(C)OC2(CCN(CCc3ccccc3)CC2)CN(c2ccccc2)C1=O
./data/8efo_cleaned.pdb,CN(C)C1(CC2CCCC2)CCC(c2ccccc2)(N(C)C(=O)/C=C/c2ccccc2)CC1
./data/8efo_cleaned.pdb,Oc1ccc2c(c1)[C@]13CCCC[C@@H]1[C@H](C2)N(CC1CC1)CC3
./data/8efo_cleaned.pdb,O=C(Nc1nc2cccnc2n1CCN1CCCC1)c1ccc(Cl)cc1
./data/8efo_cleaned.pdb,COc1ccc(CN(C)CCCNC(=O)c2ccc3ccccc3c2)cc1OC
./data/8efo_cleaned.pdb,C[C@@H]1C(=O)N[C@@H](Cc2ccccc2)C(=O)N[C@H](Cc2c[nH]c3ccccc23)C(=O)N[C@@H](Cc2ccccc2)C(=O)N1C
./data/8efo_cleaned.pdb,CCCCN(CCCC)C(=O)CN1C[C@H](c2cc(OC)c3c(c2)OCO3)[C@@H](C(=O)O)[C@@H]1CC(C)(C)CCC.Cl
./data/8efo_cleaned.pdb,Oc1ccc2c3c1O[C@@H]1c4ncc(-c5ccc(Cl)cc5)cc4C[C@]4(OCc5ccccc5)[C@H](C2)N(CC2CC2)CC[C@@]314
./data/8efo_cleaned.pdb,CC[C@H]1CN2CC[C@]3(O)C(=Nc4cccc(-c5ccoc5)c43)[C@H]2C[C@H]1/C(=C\OC)C(=O)OC
./data/8efo_cleaned.pdb,COc1ccc(C)c(OC(CCN2CCC(n3c(=O)[nH]c4ccccc43)CC2)C(C)C)c1
./data/8efo_cleaned.pdb,Cc1cc(O)cc(C)c1C[C@H](N)C(=O)N1CCC[C@H]1C(=O)N[C@@H](Cc1ccccc1)C(=O)N[C@@H](Cc1ccccc1)C(N)=O
./data/8efo_cleaned.pdb,c1ccc([C@@]2(CCNCC3CCCC3)CCOC3(CCCC3)C2)nc1
./data/8efo_cleaned.pdb,Cc1ccc(Cl)c(OC(CCN2CCC(n3c(O)nc4ccccc43)CC2)C(C)C)c1
./data/8efo_cleaned.pdb,Cc1cc(C)cc(C2CCCN2Cc2ccc(Oc3ccc(C(N)=O)cc3F)c(F)c2)c1
./data/8efo_cleaned.pdb,CC(=O)NC1(C(=O)O)CCN(c2nc3ccccc3n([C@@H]3C[C@@H]4CC[C@H](C3)N4C3CCCCCCC3)c2=O)CC1
./data/8efo_cleaned.pdb,COc1ccc2c(c1)[C@]13CCN(C)C[C@@]1(C2)Cc1c([nH]c2ccccc12)C3
./data/8efo_cleaned.pdb,COc1cccc(CNc2ccc3c(c2)[C@]24CCCC[C@@H]2[C@H](C3)N(CC2CCC2)CC4)c1
./data/8efo_cleaned.pdb,CN(C)[C@]1(c2ccccc2)CC[C@]2(CC1)NCCc1c3ccccc3[nH]c12.Cl
./data/8efo_cleaned.pdb,C[C@@H]1CN2C[C@@H](c3ccccc3)N(Cc3ccccc3)C[C@@H]2C[C@]1(C)c1cccc(O)c1
./data/8efo_cleaned.pdb,Oc1ccc2c(c1)[C@]13CCCC[C@@H]1[C@H](C2)N(CC1CC1)CC3
./data/8efo_cleaned.pdb,CCCCN1Cc2ccccc2N(C2CCN(C3CCC(C(C)C)CC3)CC2)S1(=O)=O
./data/8efo_cleaned.pdb,Cc1cc(N)c2cc(NC(=O)c3ccccc3COc3ccc(CNCCCCNCc4ccc(OCc5ccccc5C(=O)Nc5ccc6nc(C)cc(N)c6c5)cc4)cc3)ccc2n1
./data/8efo_cleaned.pdb,CNC1(c2ccccc2)CCC2(CC1)OCCc1c2[nH]c2ccc(F)cc12
./data/8efo_cleaned.pdb,CN[C@@H](Cc1ccc(O)cc1)C(=O)N[C@H](C)C(=O)NCC(=O)N[C@@H](Cc1ccccc1)C(=O)N[C@@H](CCC(N)=O)C(=O)N1CCC[C@H]1C(=O)N[C@@H](CCC(N)=O)C(=O)N[C@@H](CCCNC(=N)N)C(=O)N[C@@H](Cc1ccccc1)C(N)=O
./data/8efo_cleaned.pdb,C[C@H]1[C@H]2Cc3ccc(O)cc3[C@@]1(C)CCN2Cc1ccccc1
./data/8efo_cleaned.pdb,COc1cccc(-c2nc(NC3CCCC3)c3ccccc3n2)c1O
./data/8efo_cleaned.pdb,Oc1ccc2c(c1)[C@]13CCN(CCc4ccccc4)[C@H](CC[C@@H]1O2)C3
./data/8efo_cleaned.pdb,CO[C@]12CC[C@@H](NCCC(=O)O)[C@H]3Oc4c(O)ccc5c4[C@]31CCN(C)[C@H]2C5
./data/8efo_cleaned.pdb,CN(C)C(=O)CCC[C@]12CCN(CC3CC3)[C@H](Cc3ccc(O)cc31)/C2=C\C(=O)O
./data/8efo_cleaned.pdb,C[C@H]1[C@H]2Cc3cc4sc(N)nc4cc3[C@@]1(C)CCN2CC1CCC1
./data/8efo_cleaned.pdb,CCC(=O)N(c1ccccc1)C1(C(=O)OC)CCN(CCCCC[18F])CC1
./data/8efo_cleaned.pdb,CO[C@]12CC[C@]3(C[C@H]1[C@@](C)(O)C(C)(C)C)[C@@H]1Cc4ccc(O)c5c4[C@]3(CCN1CC1CC1)[C@@H]2O5
./data/8efo_cleaned.pdb,O=C(O)[C@@H]1CN(CCNc2nc3ccccc3n([C@@H]3C[C@@H]4CC[C@H](C3)N4C3CCCCCCC3)c2=O)C[C@H]1C(=O)O
./data/8efo_cleaned.pdb,CN(C)C1(c2ccccc2)CCC2(CC1)OCCc1c2[nH]c2ccccc12
./data/8efo_cleaned.pdb,CO[C@]12CC[C@@]3(C[C@@H]1COCc1ccccc1)[C@H]1Cc4ccc(O)c5c4[C@@]3(CCN1)[C@H]2O5
./data/8efo_cleaned.pdb,O=C(Nc1ccccn1)C1=C(O)[C@H]2Oc3c(O)ccc4c3[C@]23CCN(CC2CC2)[C@@H](C4)[C@@]3(O)C1
./data/8efo_cleaned.pdb,OC1(c2ccccc2)CCN(C(c2ccccc2)c2ccc(C(F)(F)F)cc2)CC1
./data/8efo_cleaned.pdb,OC1(c2ccccc2)CC2CCC(C1)N2C(c1ccccc1)c1ccccc1
./data/8efo_cleaned.pdb,CCOC(=O)Cc1c2c(n(Cc3ccccc3)c1O)[C@H]1Oc3c(O)ccc4c3[C@]13CCN(C)[C@@H](C4)[C@@]3(O)C2
./data/8efo_cleaned.pdb,CC1CN(C/C(=C\c2ccccc2)C(=O)NCC(=O)O)CCC1(C)c1cccc(O)c1
./data/8efo_cleaned.pdb,CCc1cc(F)c2nc(N3CCC(N[C@H]4CCOC4)CC3)c(-c3nc(C)no3)cc2c1
./data/8efo_cleaned.pdb,NCc1ccccc1C1(O)CC2CCC(C1)N2C(c1ccccc1Cl)c1ccccc1Cl
./data/8efo_cleaned.pdb,CC(=O)N(C)C1(c2ccccc2)CCC(c2ccccc2)(N(C)C)CC1
./data/8efo_cleaned.pdb,CCNC(=O)[C@H](CC(C)C)NC(=O)[C@H](Cc1ccccc1)NC(=O)CNC(=O)C/C=C(\F)[C@@H](N)Cc1ccc(O)cc1
./data/8efo_cleaned.pdb,NC(=O)c1ccc2c(c1O)[C@]13CCN(CC4CCC4)[C@H](C2)[C@]1(O)CC[C@H](O)C3
./data/8efo_cleaned.pdb,CCn1cc(-c2ccccc2)c2c1[C@H]1Oc3c(O)ccc4c3[C@]13CCN(CC1CC1)C(C4)[C@@]3(O)C2
./data/8efo_cleaned.pdb,CCCC1O[C@](C)(C(C)(C)C)[C@H]2C[C@@]34CC[C@]2(O1)[C@@H]1Oc2c(O)ccc5c2[C@@]13CCN(CC1CC1)[C@@H]4C5
./data/8efo_cleaned.pdb,CCc1cc(F)c2nc(N3CCC(NC4CCOCC4)CC3)c(-c3nc(C)no3)c(C)c2c1
./data/8efo_cleaned.pdb,Cc1cc(O)cc(C)c1C[C@H](N)C(=O)N[C@H](CCCNC(=N)N)C(=O)N[C@@H](Cc1ccccc1)C(=O)N[C@@H](CCCCN)C(=O)NCCN(CC1Cc2ccccc2CN1C(=O)[C@@H](N)Cc1ccc(O)cc1)[C@@H](Cc1ccccc1)C(=O)NC(CC1CCCCC1)C(=O)O
./data/8efo_cleaned.pdb,CCC[C@H](NC(=O)[C@H](Cc1ccccc1)NC(=O)CNC(=O)CNC(=O)[C@@H](N)Cc1ccc(O)cc1)C(=O)NCC(=O)N[C@@H](C)C(=O)N[C@@H](CCCNC(=N)N)C(=O)N[C@@H](CCCCN)C(=O)N[C@@H](CO)C(=O)N[C@@H](C)C(=O)N[C@@H](CCCNC(=N)N)C(=O)N[C@@H](CCCCN)C(N)=O
./data/8efo_cleaned.pdb,CC(C)C[C@@H](NC(=O)[C@H](Cc1ccccc1)NC(=O)CNC(=O)[C@@H](C)NC(=O)[C@@H](N)Cc1ccc(O)cc1)C(=O)O
./data/8efo_cleaned.pdb,CC(C)[C@H]1CC[C@@H](N2CCC3(CC2)[C@@H]2CN(C)C[C@@H]2CN3c2ccccc2)CC1
./data/8efo_cleaned.pdb,CNC(=O)Cn1c(=O)n(C2CCN(C3CCCCCC3)CC2)c2ccccc21
./data/8efo_cleaned.pdb,C[C@@H]1CN(CCCOC(=O)[C@@H]2Cc3ccc(O)cc3CN2)CC[C@]1(C)c1cccc(O)c1
./data/8efo_cleaned.pdb,C[C@@H]1NC(=O)[C@H](Cc2c[nH]c3ccccc23)NC(=O)[C@H](Cc2ccccc2)NC(=O)[C@H]2CCCN2C1=O
./data/8efo_cleaned.pdb,c1ccc(Nc2ccc3c(c2)[C@]24CCCC[C@@H]2[C@H](C3)N(CC2CCC2)CC4)cc1
./data/8efo_cleaned.pdb,NC(=O)[C@H]1CC(=O)NCCCC[C@H](NC(=O)[C@H](N)Cc2ccc(O)cc2)C(=O)N[C@H](Cc2ccccc2)C(=O)N2CCCC[C@@H]2C(=O)N1
./data/8efo_cleaned.pdb,O=C1C[C@@]23CCN(CC4CC4)[C@@H](Cc4ccc(O)cc42)[C@@]3(O)CC/C1=C/c1ccccc1
./data/8efo_cleaned.pdb,CN1C(=O)CNC(=O)[C@@H](NC(=O)[C@H](N)Cc2ccc(O)cc2)CCCCNC(=O)C[C@@H](C(=O)N2CCC[C@@H]2C(=O)N[C@H](CCC(N)=O)C(=O)N[C@H](CCCNC(=N)N)C(=O)N[C@H](Cc2ccccc2)C(N)=O)NC(=O)[C@H]1Cc1ccccc1
./data/8efo_cleaned.pdb,CC(C)C[C@@H](NC(=O)[C@H](Cc1ccccc1)NC(=O)CNC(=O)[C@@H](C)NC(=O)[C@@H](N)Cc1ccc(O)cc1)C(=O)N1CCC[C@H]1C(=O)N[C@@H](CCC(N)=O)C(=O)N[C@@H](CCCNC(=N)N)C(=O)N[C@@H](Cc1ccccc1)C(N)=O
./data/8efo_cleaned.pdb,CCC(=O)N(CCN1CCC(Cc2ccccc2)CC1)c1ccc(F)cc1
./data/8efo_cleaned.pdb,O=C(O[C@]12Cc3cc(-c4ccc(Cl)cc4)cnc3[C@H]3Oc4c(O)ccc5c4[C@]31CCN(CC1CC1)[C@H]2C5)c1ccccc1
./data/8efo_cleaned.pdb,CN1/C(=C/C=C/C2=[N+](CCCCCC(=O)NCC(=O)NCC(=O)NCC(=O)NCC(=O)NCCCNC(=N)Nc3ccc4[nH]c5c(c4c3)C[C@]3(O)[C@@H]4Cc6ccc(O)c7c6[C@]3(CCN4CC3CC3)[C@@H]5O7)c3ccc(S(=O)(=O)[O-])cc3C2(C)C)C(C)(C)c2cc(S(=O)(=O)O)ccc21
./data/8efo_cleaned.pdb,CNC(=O)COCC(=O)NCCCCCCCNC(=O)COCC(=O)N[C@H]1CC[C@]2(O)[C@@H]3Cc4ccc(O)c5c4[C@]2(CCN3CC2CC2)[C@@H]1O5
./data/8efo_cleaned.pdb,O=C1N(c2cccnc2C(F)(F)F)CC2(CCN(CCc3ccccc3F)CC2)OC12CC2
./data/8efo_cleaned.pdb,COCCOCCOCCOCCOCCOCCOCCOCCOCCO[C@H]1CC[C@@]2(O)C3Cc4ccc(O)c5c4[C@@]2(CCN3C)[C@H]1O5
./data/8efo_cleaned.pdb,C=C(C(N)=O)[C@@H](NC(=O)[C@H](Cc1c[nH]c2ccccc12)NC(=O)[C@@H]1CCCN1C(=O)[C@@H](N)Cc1ccc(O)cc1)c1cccc2ccccc12
./data/8efo_cleaned.pdb,Nc1nc2c(s1)C[C@H]1[C@H]3Cc4ccc(O)cc4[C@@]1(CCN3CC1CC1)C2
./data/8efo_cleaned.pdb,Oc1ccc2c(c1)[C@@]13CCN(CC4CC4)[C@H](C2)[C@@]1(O)Cc1cc2ccccc2nc1C3
./data/8efo_cleaned.pdb,C[C@H]1CN(CCc2ccccc2)[C@H](CCNC(=O)c2ccccc2)C[C@@]1(C)c1cccc(O)c1
./data/8efo_cleaned.pdb,OC1(c2cccc(F)c2)CCN(C(c2ccccc2)c2ccccc2)CC1
./data/8efo_cleaned.pdb,CN(C)C(=O)C(CCN1CCC(O)(c2cccc(C(F)(F)F)c2)CC1)(c1ccccc1)c1ccccc1
./data/8efo_cleaned.pdb,O=C(/C=C/c1ccccc1Cl)N[C@]12CCC(=O)[C@H]3Oc4c(O)ccc5c4[C@]31CCN(CC1CC1)[C@H]2C5
./data/8efo_cleaned.pdb,Cc1cc(O)cc(C)c1C[C@H](N)C(=O)N[C@H](CCCNC(=N)N)C(=O)N[C@@H](Cc1ccccc1)C(=O)N[C@@H](Cc1ccccc1)C(=O)N[C@@H](CCC(N)=O)C(=O)N[C@@H](Cc1ccccc1)C(=O)N[C@@H](CCC(N)=O)C(=O)O
./data/8efo_cleaned.pdb,CO[C@]12CC[C@@]3(C[C@@H]1[C@](C)(O)CC(C)(C)c1ccccc1)[C@H]1Cc4ccc(O)c5c4[C@@]3(CCN1CC1CC1)[C@H]2O5
./data/8efo_cleaned.pdb,Oc1ccc2c(c1)[C@]13CCN(CC4CC4)C[C@@]1(C2)Cc1c([nH]c2ccccc12)C3
./data/8efo_cleaned.pdb,O=C1N[C@H](Cc2c[nH]c3ccccc23)C(=O)N[C@@H](Cc2ccccc2)C(=O)N2CCC[C@@H]2C(=O)N[C@H]1Cc1ccc(F)cc1
./data/8efo_cleaned.pdb,CN1CC[C@]23c4c5ccc(O)c4O[C@H]2c2[nH]c4ccccc4c2C[C@@]3(NCCCc2ccccc2)C1C5
./data/8efo_cleaned.pdb,Fc1ccc2c(c1)[C@@]1(CN2)C[C@@H]2CC[C@H](C1)N2C(c1ccccc1Cl)c1ccccc1Cl
./data/8efo_cleaned.pdb,C[C@H](NC(=O)CNC(=O)[C@H](Cc1cccc2ccccc12)NC(=O)[C@H](Cc1ccccc1)NC(=O)CNC(=O)CNC(=O)[C@@H](N)Cc1ccc(O)cc1)C(=O)N[C@@H](CCCNC(=N)N)C(=O)N[C@@H](CCCCN)C(=O)N[C@@H](CO)C(=O)N[C@@H](C)C(=O)N[C@@H](CCCNC(=N)N)C(=O)N[C@@H](CCCCN)C(N)=O
./data/8efo_cleaned.pdb,COc1ccc2c3c1O[C@@H]1[C@]34CCN(CC3CC3)[C@H](C2)[C@]42CC[C@@]1(OC)[C@@H](C(C)(C)OCc1ccccc1)C2
./data/8efo_cleaned.pdb,CC1[C@H]2Cc3ccc(O)cc3[C@@]1(C)CCN2[C@H](C)C1CC1
./data/8efo_cleaned.pdb,CN1CC[C@]23c4c5ccc(O)c4O[C@H]2[C@@H](O)C=C[C@H]3[C@H]1C5
./data/8efo_cleaned.pdb,Cc1cc(O)cc(C)c1C[C@H](N)C(=O)N[C@@H](C)C(=O)NCC(=O)N(C)[C@@H](Cc1ccc(F)cc1)C(=O)N1CCC[C@H]1C(=O)N[C@@H](CC(C)C)C(=O)N[C@@H](Cc1c[nH]c2ccccc12)C(=O)NCc1cc(C(F)(F)F)cc(C(F)(F)F)c1
./data/8efo_cleaned.pdb,O=C(O)CN1CCC[C@H]1Cc1nc2ccccc2n1[C@@H]1C[C@@H]2CCC[C@H](C1)N2[C@H]1C[C@H]2CCCC[C@H](C2)C1
./data/8efo_cleaned.pdb,COc1ccc2c3c1O[C@@H]1[C@]34CCN(CC3CC3)[C@H](C2)[C@]42CC[C@@]1(OC)[C@@H](COCc1ccc(C(O)CO)cc1)C2
./data/8efo_cleaned.pdb,C[C@@H](CN1[C@H]2CC[C@@H]1C[C@H](c1cccc(O)c1)C2)N(Cc1ccccc1)C(=O)C1CCCCC1
./data/8efo_cleaned.pdb,O=C(CCCCCCCCC(=O)Oc1ccc2c(c1)[C@@]13CCCCC1[C@@H](C2)N(CC1CC1)CC3)Oc1ccc2c(c1)[C@@]13CCCCC1[C@@H](C2)N(CC1CCC1)CC3
./data/8efo_cleaned.pdb,C[C@@H]1[C@@H]2Cc3ccc(O)cc3[C@@]1(C)CCN2CCC(=O)N(C)C(c1ccccc1)c1ccccc1
./data/8efo_cleaned.pdb,COc1ccc2cc(CCNC(=O)c3ccc4c(c3)C3(C)CCN(CC5CC5)C(C4)C3C)ccc2c1
./data/8efo_cleaned.pdb,CC(C)C[C@H](NC(=O)[C@H](Cc1ccccc1)NC(=O)CNC(=O)CNC(=O)[C@@H](N)Cc1ccc(O)cc1)C(=O)O
./data/8efo_cleaned.pdb,C[C@@H]1C(=O)N[C@@H](Cc2ccccc2)C(=O)N[C@@H](Cc2c[nH]c3ccccc23)C(=O)N[C@@H](Cc2ccccc2)C(=O)N1C
./data/8efo_cleaned.pdb,C[C@H]1CN(CCC(=O)N(Cc2ccccc2)[C@@H](Cc2ccccc2)C(=O)O)CC[C@@]1(C)c1cccc(O)c1
./data/8efo_cleaned.pdb,Cl.Oc1cccc(CCN(CCc2ccccc2)CC2CCC2)c1F
./data/8efo_cleaned.pdb,CC(C)N[C@@H]1CCn2c(=O)[nH]c3cccc(c32)[C@H]1O.Cl
./data/8efo_cleaned.pdb,O=C(CCCCCCCCC(=O)Oc1ccc2c(c1)[C@@]13CCCCC1[C@@H](C2)N(C[C@@H]1CCCO1)CC3)Oc1ccc2c(c1)[C@@]13CCCCC1[C@@H](C2)N(C[C@@H]1CCCO1)CC3
./data/8efo_cleaned.pdb,CC(C)C[C@H](NC(=O)[C@H](Cc1ccccc1)NC(=O)CNC(=O)C/C=C(\F)[C@@H](N)Cc1ccc(O)cc1)C(N)=O
./data/8efo_cleaned.pdb,CC(=O)N[C@@H](Cc1ccc(O)cc1)C(=O)NCC(=O)NCC(=O)N[C@@H](Cc1ccccc1)C(=O)N[C@@H](CC(C)C)C(N)=O
./data/8efo_cleaned.pdb,CC(C)C[C@H](NC(=O)[C@H](Cc1ccccc1)NC(=O)CNC(=O)C/C=C(\F)[C@@H](N)Cc1ccc(O)cc1)C(N)=O
./data/8efo_cleaned.pdb,CC(C)CC(=O)N(CCN1[C@H]2CC[C@@H]1C[C@H](c1cccc(O)c1)C2)CC1CCCCC1
./data/8efo_cleaned.pdb,CC(C)Oc1ccc(C(C)N2CCC(n3c(=O)[nH]c4ccccc43)CC2)cc1
./data/8efo_cleaned.pdb,COc1ccc(C)c(OC(CCN2CCC(n3c(=O)[nH]c4ccccc43)CC2)C(C)C)c1
./data/8efo_cleaned.pdb,C=C1CC[C@@]2(O)[C@H]3Cc4ccc(C(N)=O)c(O)c4[C@@]2(CCN3CC2CCC2)C1
./data/8efo_cleaned.pdb,Br.CNc1nc2c(s1)C[C@H]1[C@H]3Cc4ccc(O)cc4[C@@]1(CCN3CC1CC1)C2
./data/8efo_cleaned.pdb,CC(=O)N[C@H]1Cc2ccc(cc2)OC/C=C/COc2ccc(cc2)C[C@@H](C(=O)N[C@@H](Cc2ccccc2)C(=O)N[C@@H](CCCNC(=N)N)C(=O)N[C@@H](CC(C)C)C(=O)N[C@@H](CCCNC(=N)N)C(=O)N[C@@H](CCCNC(=N)N)C(=O)N[C@H](C)C(=O)N[C@@H](CCCNC(=N)N)C(=O)N2CCC[C@H]2C(=O)N[C@@H](CCCCN)C(N)=O)NC1=O
./data/8efo_cleaned.pdb,CO[C@]12CC[C@@]3(C[C@@H]1COCc1ccccc1)[C@H]1Cc4ccc(F)c5c4[C@@]3(CCN1C)[C@H]2O5
./data/8efo_cleaned.pdb,CN(C)c1ccccc1-c1cnc2c(c1)C[C@]1(OCCCc3ccccc3)[C@@H]3Cc4ccc(O)c5c4[C@]1(CCN3CC1CC1)[C@@H]2O5
./data/8efo_cleaned.pdb,Oc1cccc(CCN(CCc2ccccc2)CC2CC2)c1
./data/8efo_cleaned.pdb,CO[C@]12Cc3cc(-c4ccc(Cl)cc4)cnc3[C@H]3Oc4c(O)ccc5c4[C@]31CCN(C)[C@H]2C5
./data/8efo_cleaned.pdb,O=C(NCC1NCCc2ccccc21)N1CCOCC1
./data/8efo_cleaned.pdb,COc1ccsc1CNCC[C@]1(c2ccccn2)CCOC2(CCCC2)C1
./data/8efo_cleaned.pdb,COc1ccc2c3c1O[C@@H]1C(=O)CC[C@]4(NC(=O)/C=C/c5ccccc5Cl)[C@H](C2)N(C)CC[C@@]314
./data/8efo_cleaned.pdb,C=C1CC[C@@]2(O)[C@H]3Cc4ccc(C(N)=O)c(O)c4[C@@]2(CCN3CC=C(C)C)C1
./data/8efo_cleaned.pdb,CC[C@](O)([C@H]1C[C@@]23C=C[C@]1(OC)[C@@H]1Oc4c(O)ccc5c4[C@@]12CCN(CC1CC1)[C@@H]3C5)C(C)(C)C
./data/8efo_cleaned.pdb,C=CCN1CC[C@]23c4c5ccc(O)c4O[C@H]2C(=O)CC[C@@]3(O)[C@H]1C5
./data/8efo_cleaned.pdb,Cc1ccc(C(=O)NCC2c3ccccc3CCN2C)cc1
./data/8efo_cleaned.pdb,C[C@@H]1CN2CCCN(Cc3ccccc3)C[C@@H]2C[C@]1(C)c1cccc(O)c1
./data/8efo_cleaned.pdb,O=c1[nH]c2c(Cl)cccc2n1C1CCN(Cc2ccccc2Cl)CC1
./data/8efo_cleaned.pdb,Cc1ccc(N2CNC(=O)C23CCN(C2Cc4cccc5cccc2c45)CC3)cc1
./data/8efo_cleaned.pdb,C[C@H]1CN(CCC(=O)N[C@@H](CCc2ccccc2)C(=O)O)CC[C@@]1(C)c1cccc(O)c1
./data/8efo_cleaned.pdb,C[C@@H](NC(=O)[C@@H](N)Cc1ccc(O)cc1)C(=O)NCC(=O)N(C)[C@@H](Cc1ccccc1)C(=O)NCCO
./data/8efo_cleaned.pdb,O=C(NC(CO)C(=O)O)c1nc2ccccc2n([C@@H]2C[C@@H]3CC[C@H](C2)N3C2CCCCCCC2)c1=O
./data/8efo_cleaned.pdb,COc1ccc2c3c1O[C@@H]1[C@]34CCN(C)[C@H](C2)[C@]42CC[C@@]1(OC)[C@@H](COCc1ccncc1)C2
./data/8efo_cleaned.pdb,O=C(C1CC1)N(Cc1ccccc1)C1CCN(CCc2ccccc2)CC1
./data/8efo_cleaned.pdb,O=C(O)CN1CCC[C@@H]1c1nc2ccccc2n1[C@@H]1C[C@@H]2CCC[C@H](C1)N2[C@H]1C[C@H]2CCCC[C@H](C2)C1
./data/8efo_cleaned.pdb,CC(C)N[C@@H]1CCn2c(=O)[nH]c3cccc(c32)[C@H]1O.Cl
./data/8efo_cleaned.pdb,C[C@H]1CN(CCc2ccccc2)CC[C@@]1(C)c1cccc(N)c1
./data/8efo_cleaned.pdb,C[C@@H](NC(=O)[C@@H](N)Cc1ccc(O)cc1)C(=O)NCC(=O)N(C)[C@@H](Cc1ccccc1)C(=O)NCCO
./data/8efo_cleaned.pdb,Cc1ccc([C@]2(O)CCCC[C@H]2N2CCC3(CC2)C(=O)NCN3c2ccccc2)cc1
./data/8efo_cleaned.pdb,CN1CC[C@]23c4c5ccc(OC(=O)CCCCCCCCC(=O)Oc6ccc7c(c6)[C@@]68CCCCC6[C@@H](C7)N(CC6CCC6)CC8)c4O[C@H]2[C@@H](O)C=C[C@H]3[C@H]1C5
./data/8efo_cleaned.pdb,C=CCNc1nc2ccccc2n(C2CCN(C3CCCCCCC3)CC2)c1=O
./data/8efo_cleaned.pdb,Fc1ccc2[nH]cc(C3CCN(C4Cc5cccc6cccc4c56)CC3)c2c1
./data/8efo_cleaned.pdb,CC(C)c1nnc(CCNC(=O)COCC(=O)NCCCCCCCNC(=O)COCC(=O)N[C@H]2CC[C@]3(O)[C@@H]4Cc5ccc(O)c6c5[C@]3(CCN4CC3CC3)[C@@H]2O6)n1C1C[C@@H]2CC[C@H](C1)N2CC[C@@H](NC(=O)C1CCC(F)(F)CC1)c1ccccc1
./data/8efo_cleaned.pdb,OC(COc1ccc2c(c1)[C@]13CCCC[C@@H]1[C@H](C2)N(CC1CCC1)CC3)COc1ccc2c(c1)[C@]13CCCC[C@@H]1[C@H](C2)N(CC1CCC1)CC3
./data/8efo_cleaned.pdb,CC[C@H](C)[C@H](NC(=O)[C@H](CCCNC(=N)N)NC(=O)[C@H](CCCNC(=N)N)NC(=O)[C@H](CC(C)C)NC(=O)[C@H](Cc1ccccc1)NC(=O)CNC(=O)CNC(=O)[C@@H](N)Cc1ccc(O)cc1)C(=O)N[C@@H](CCCNC(=N)N)C(=O)N1CCC[C@H]1C(=O)N[C@@H](CCCCN)C(=O)N[C@@H](CC(C)C)C(=O)N[C@@H](CCCCN)C(=O)N[C@@H](Cc1c[nH]c2ccccc12)C(=O)N[C@@H](CC(=O)O)C(=O)N[C@@H](CC(N)=O)C(=O)N[C@@H](CCC(N)=O)C(=O)O
./data/8efo_cleaned.pdb,OC1(c2ccccc2)CCN(C(c2ccccc2)c2ccccc2Cl)CC1
./data/8efo_cleaned.pdb,COCCN(C(=O)Cc1ccc(Cl)cc1)C1c2ccccc2C=CC1N1CCN(c2ccccc2)CC1
./data/8efo_cleaned.pdb,Clc1ccc(CN2CCN(c3ccccc3)CC2)cn1
./data/8efo_cleaned.pdb,CC(C)[C@@H](NC(=O)[C@H](Cc1ccccc1)NC(=O)[C@@H]1CCCN1C(=O)[C@@H](N)Cc1ccc(O)cc1)C(=O)NCc1ccccc1
./data/8efo_cleaned.pdb,COC(=O)[C@@H]1C[C@H](OC(C)=O)C(=O)[C@H]2[C@@]1(C)CC[C@H]1C(=O)O[C@H]([C@@H]3CCOC3)C[C@]21C
./data/8efo_cleaned.pdb,NC(=O)c1ccc(Oc2ccc(CNCCc3ccccc3)cc2)cn1
./data/8efo_cleaned.pdb,NC(=O)Nc1ccc2c(c1)[C@@]13CCCC[C@H]1[C@@H](C2)N(CC1CCC1)CC3
./data/8efo_cleaned.pdb,NC(=O)c1cccc(C2C[C@@H]3CC[C@@H](C2)N3CCCc2ccccc2)c1
./data/8efo_cleaned.pdb,CCC(=O)N(CCN1[C@H]2CC[C@@H]1C[C@H](c1cccc(O)c1)C2)CC1CCCCC1
./data/8efo_cleaned.pdb,Cc1ccccc1-c1ccc(/C=C2/SC(N3CCOCC3)=NC2=O)o1
./data/8efo_cleaned.pdb,COC(=O)N(CCN1[C@H]2CC[C@@H]1C[C@H](c1cccc(C(N)=O)c1)C2)CC1CCCCC1
./data/8efo_cleaned.pdb,C[C@H]1C2Cc3ccc(C(=O)NCCc4ccc(-c5ccccc5)cc4)cc3[C@@]1(C)CCN2CC1CC1
./data/8efo_cleaned.pdb,CCC1C(=O)N(C2CCN([C@H]3CC[C@@H](C(C)C)CC3)CC2)c2ccccc21
./data/8efo_cleaned.pdb,CCCCCNC(=O)N(CCN1[C@H]2CC[C@@H]1C[C@H](c1cccc(O)c1)C2)CC1CCCCC1
./data/8efo_cleaned.pdb,CC1CN(CCCc2ccccc2)C2C[C@H](N)CC1(c1cccc(O)c1)C2
./data/8efo_cleaned.pdb,COc1ccc2c3c1O[C@@H]1[C@]34CCN(CC3CC3)[C@H](C2)[C@]42CC[C@@]1(OC)[C@@H](COCc1ccc(Cc3nn[nH]n3)cc1)C2
./data/8efo_cleaned.pdb,Cc1cccc(C2(N3CCC4(CC3)C(=O)NCC4c3ccc(F)cc3)CCCCC2)c1
./data/8efo_cleaned.pdb,NC(=O)c1cccc([C@@H]2C[C@@H]3CC[C@H](C2)N3CCN(Cc2c(F)cccc2F)C(=O)[C@@H](O)CO)c1.O=C(O)C(F)(F)F
./data/8efo_cleaned.pdb,Clc1cccc(CNCC[C@]2(c3ccccn3)CCOC3(CCCC3)C2)c1
./data/8efo_cleaned.pdb,CN1CC[C@]23CC(=O)CC[C@H]2[C@H]1Cc1ccc(C(N)=O)c(O)c13
./data/8efo_cleaned.pdb,CCOc1ccc(CN2CC3CC3C2)cc1CNC(=O)[C@@H](N)Cc1c(C)cc(O)cc1C.O=C(O)C(F)(F)F
./data/8efo_cleaned.pdb,C[C@@H](Cc1ccsc1)NC(=O)NC[C@H](Cc1ccc2ccccc2c1)N(C)C
./data/8efo_cleaned.pdb,CCN(CC)C(=O)c1ccc(N(c2cccc(C(=O)NC)c2)C2CCN(Cc3ccccc3)CC2)cc1
./data/8efo_cleaned.pdb,COc1ccc2c3c1O[C@@H]1[C@]34CCN(CC3CC3)[C@H](C2)[C@]42CC[C@@]1(OC)[C@@H](COCC(O)CO)C2
./data/8efo_cleaned.pdb,CCCCCCCCCCC(N)C(=O)N[C@@H](Cc1ccc(O)cc1)C(=O)N1CCC[C@H]1C(=O)N[C@@H](Cc1c[nH]c2ccccc12)C(=O)N[C@@H](Cc1ccccc1)C(N)=O
./data/8efo_cleaned.pdb,Cc1cc(O)cc(C)c1C[C@H](N)C(=O)N1CCC[C@H]1C(=O)N[C@@H](Cc1c[nH]c2ccccc12)C(=O)N[C@@H](Cc1ccccc1)C(N)=O
./data/8efo_cleaned.pdb,CCCCNCCN1CN(c2ccccc2)C2(CCN(C3CCCc4c(Cl)cccc43)CC2)C1=O
./data/8efo_cleaned.pdb,O=C(O)[C@@H](CO)Nc1nc2ccccc2n([C@@H]2C[C@@H]3CC[C@H](C2)N3C2CCCCCCC2)c1=O
./data/8efo_cleaned.pdb,Cc1nnc(C(C)C)n1[C@@H]1C[C@@H]2CC[C@H](C1)N2CC[C@@H](NC(=O)C1CCC(F)(F)CC1)c1cccc(NC(=O)COCC(=O)NCCCCCCCNC(=O)COCC(=O)N[C@H]2CC[C@]3(O)[C@@H]4Cc5ccc(O)c6c5[C@]3(CCN4CC3CC3)[C@@H]2O6)c1
./data/8efo_cleaned.pdb,CC1C2Cc3ccc(C(N)=O)cc3C1(C)CCN2CC1CC1
./data/8efo_cleaned.pdb,NC(=O)c1ccc(N2CCCN(Cc3ccc(F)cc3)CC2)nc1
./data/8efo_cleaned.pdb,Oc1ccc2c(c1)[C@]13CCN(CCc4ccccc4)[C@H](CC[C@@H]1O2)C3
./data/8efo_cleaned.pdb,COc1cc2c3c(c1OC)-c1cc4c(cc1CC3N(C)CC2)OCO4
./data/8efo_cleaned.pdb,O=C(Cc1ccccc1)N[C@H]1C[C@]23CCN(CC4CC4)[C@H](Cc4ccc(O)cc42)[C@]32CC[C@@H]1O2
./data/8efo_cleaned.pdb,CC1OC2(CCN(CCc3ccccn3)CC2)CN(c2ccccc2)C1=O
./data/8efo_cleaned.pdb,CCN1CC2(CCN(CCc3ccc(F)cc3F)CC2)O[C@@H](C)C1=O
./data/8efo_cleaned.pdb,COCCO[C@H]1C=CC2C3Cc4ccc(OC)c5c4[C@@]2(CCN3C)C1O5
./data/8efo_cleaned.pdb,CO[C@@H]1C([C@](C)(O)C(C)(C)C)[C@H]2CC[C@@]13Oc1c(O)ccc4c1[C@@]31CCN(CC3CC3)[C@H](C4)C21
./data/8efo_cleaned.pdb,O=c1c(NC[C@@H](O)CO)nc2ccccc2n1C1CCN(C23CC4CC(CC(C4)C2)C3)CC1
./data/8efo_cleaned.pdb,C[C@@H](c1ccc(Cl)nc1)N1[C@H]2CC[C@@H]1C[C@@H](Oc1cccc(C(N)=O)c1)C2
./data/8efo_cleaned.pdb,CN(C)CCC(C(=O)N(C)C)(c1ccccc1)c1ccccc1
./data/8efo_cleaned.pdb,CC(=O)N[C@H](Cc1c[nH]c2c(Br)cccc12)C(=O)N[C@@H](Cc1ccccc1)C(=O)NCC(N)=O
./data/8efo_cleaned.pdb,COc1ccc2c3c1O[C@H]1[C@@H](OC)[C@H](C)C[C@H]4[C@@H](C2)N(C)CC[C@]314
./data/8efo_cleaned.pdb,COc1ccc2c(c1O)[C@]13CCN(C)C(C2)[C@@]12C/C(=C\c1ccccc1)[C@@H]3c1[nH]c3ccccc3c1C2
./data/8efo_cleaned.pdb,COc1ccc(N(CCCCN2CCC(O)(c3ccc(Cl)c(C(F)(F)F)c3)CC2)c2ccc(OC)cc2)cc1
./data/8efo_cleaned.pdb,CCC[C@@H]1C[C@@](C)(c2cccc(O)c2)[C@@H](C)CN1C
./data/8efo_cleaned.pdb,c1ccc(CNCC[C@]2(c3ccccn3)CCOC3(CCCC3)C2)cc1
./data/8efo_cleaned.pdb,CC(C)[C@H]1CC[C@@H](N2CCC(n3cc(CCNC(N)=S)c4ccccc43)CC2)CC1
./data/8efo_cleaned.pdb,C[C@@H]1CN(CCCc2ccccc2)[C@H]2C[C@H](NCC3CC3)C[C@]1(c1cccc(O)c1)C2.Cl.Cl
./data/8efo_cleaned.pdb,O=C1CC[C@@]2(O)[C@H]3Cc4ccc(O)c5c4[C@@]2(CCN3CC2CC2)[C@H]1O5
./data/8efo_cleaned.pdb,CCOc1ccc(CNCc2ccccc2)cc1CNC(=O)[C@@H](N)Cc1c(C)cc(O)cc1C.O=C(O)C(F)(F)F
./data/8efo_cleaned.pdb,CN(C)[C@]1(c2ccccc2)CC[C@@H](NC(=O)NCCCc2ccccc2)CC1.Cl
./data/8efo_cleaned.pdb,NC(=O)c1cccc([C@@H]2C[C@@H]3CC[C@H](C2)N3CCN(CC2CCCCC2)C(=O)[C@@H](O)Cc2ccccc2)c1
./data/8efo_cleaned.pdb,Cl.Oc1ccc(CCN(CCc2cccc(O)c2)CC2CCC2)cc1
./data/8efo_cleaned.pdb,CN(C)C1(c2ccccc2)CCC(c2ccccc2)(N(C)CC(=O)O)CC1
./data/8efo_cleaned.pdb,O=c1c(N2CC3CNCC3C2)nc2ncccc2n1C1CCN(C2CCCCCCC2)CC1
./data/8efo_cleaned.pdb,O=C(N(CCN1[C@H]2CC[C@@H]1C[C@H](c1cccc(O)c1)C2)CC1CCCCC1)C1(O)CC1
./data/8efo_cleaned.pdb,COCCO[C@H]1C=CC2C3Cc4ccc(OC)c5c4[C@@]2(CCN3C)C1O5
./data/8efo_cleaned.pdb,CCCCN(Cc1ccccc1)C[C@H](O)CN1CN(c2ccc(F)cc2)C2(CCN(CC3CCCCCCC3)CC2)C1=O
./data/8efo_cleaned.pdb,c1cc2c(cc1OCCCOc1ccc3c(c1)[C@]14CCCC[C@@H]1[C@H](C3)N(CC1CCC1)CC4)[C@]13CCCC[C@@H]1[C@H](C2)N(CC1CCC1)CC3
./data/8efo_cleaned.pdb,CC(C)c1ccc2c(c1)C1(CCN(CC3CCCCCCC3)CC1)C(=O)N2C
./data/8efo_cleaned.pdb,C[C@H]1C2Cc3ccc4c(N)ncnc4c3[C@@]1(C)CCN2CC1CC1
./data/8efo_cleaned.pdb,Fc1cccc([C@@H]2C[C@@H]3CC[C@H](C2)N3C(c2ccccc2Cl)c2ccccc2Cl)n1
./data/8efo_cleaned.pdb,Cn1c2c(c3ccccc31)CCN(CCCCN1CCN(c3ccccc3)CC1)C2=O
./data/8efo_cleaned.pdb,C/C=C1/CN2CC[C@]34c5ccccc5N(C)[C@@]35OC[C@]4(C(=O)OC)[C@@H]1C[C@@H]25
./data/8efo_cleaned.pdb,CC(C)C[C@H](NC(=O)[C@@H]1CCCN1C(=O)[C@H](Cc1ccc(F)cc1)NC(=O)CNC(=O)[C@H](C)NC(=O)[C@@H](N)Cc1ccc(O)cc1)C(=O)N[C@@H](Cc1c[nH]c2ccccc12)C(=O)NCc1cc(C(F)(F)F)cc(C(F)(F)F)c1
./data/8efo_cleaned.pdb,O=C(Nc1ccccc1F)N1CCC(c2ccccc2)(c2nccn2Cc2ccccc2)CC1
./data/8efo_cleaned.pdb,NC(=O)[C@H](Cc1ccccc1)NC(=O)[C@H](Cc1ccccc1)NC(=O)[C@@H]1CCCN1C(=O)[C@@H](N)Cc1ccc(O)cc1
./data/8efo_cleaned.pdb,Cc1ccc(Nc2nc(N)nc(CN3CCN(c4ccccc4)CC3)n2)cc1Cl
./data/8efo_cleaned.pdb,CN1CCc2cccc3c2[C@@H]1Cc1ccc(O)c(O)c1-3.Cl.O
./data/8efo_cleaned.pdb,CO[C@@H](C(=O)Nc1nnc(N[C@H]2CCN(c3cccnn3)C2)s1)c1ccccc1
./data/8efo_cleaned.pdb,CCC(=O)N(c1ccccc1)C1(C(=O)OC)CCN(CC(O)c2ccccc2)CC1
./data/8efo_cleaned.pdb,CN1C(=O)CNC(=O)[C@@H](NC(=O)[C@@H](N)Cc2ccc(O)cc2)CCCCNC(=O)C[C@H](C(=O)N2CCC[C@H]2C(=O)N[C@@H](CCC(N)=O)C(=O)N[C@@H](CCCNC(=N)N)C(=O)N[C@@H](Cc2ccccc2)C(N)=O)NC(=O)[C@@H]1Cc1ccccc1
./data/8efo_cleaned.pdb,O=C1NCN(c2ccccc2)C12CCN(C1CCCc3c(Cl)cccc31)CC2
./data/8efo_cleaned.pdb,Cc1cc(O)cc(C)c1C[C@H](N)C(=O)NCC(=O)NCC(=O)N[C@@H](Cc1ccccc1)C(=O)N[C@@H](Cc1c(C)cc(O)cc1C)C(=O)NCC(=O)N[C@@H](C)C(=O)N[C@@H](CCCNC(=N)N)C(=O)N[C@@H](CCCCN)C(=O)N[C@@H](CO)C(=O)N[C@@H](C)C(=O)N[C@@H](CCCNC(=N)N)C(=O)N[C@@H](CCCCN)C(N)=O
./data/8efo_cleaned.pdb,COc1cccc(N2CNC(=O)C23CCN(C2Cc4cccc5cccc2c45)CC3)c1
./data/8efo_cleaned.pdb,O=C(CO)N(CCN1[C@H]2CC[C@@H]1C[C@H](c1cccc(O)c1)C2)Cc1ccc(Cl)cc1
./data/8efo_cleaned.pdb,O=C(Nc1ccccc1)N1C[C@@H]2CC34CCC1C2C31CCN(CC2CC2)C4Cc2ccc(O)cc21
./data/8efo_cleaned.pdb,COc1cccc(CNc2ccc3c(c2)[C@]24CCCC[C@@H]2[C@H](C3)N(CC2CC2)CC4)c1
./data/8efo_cleaned.pdb,NC(=O)c1ccc2c(c1)CCCN2c1cc(F)c(CNC2Cc3ccccc3C2)c(F)c1
./data/8efo_cleaned.pdb,C[C@H]1CN2C[C@H](c3ccccc3)CC[C@H]2C[C@@]1(C)c1cccc(O)c1
./data/8efo_cleaned.pdb,OCCC[C@@H]1[C@H]2CCC[C@]1(c1cccc(O)c1)CCN2CCc1ccccc1
./data/8efo_cleaned.pdb,O=C1NC(=O)[C@]2(CC[C@@]34Cc5ccc(O)cc5[C@@]3(CCN(CC3CC3)C4)C2)N1
./data/8efo_cleaned.pdb,Cc1cc(O)cc(C)c1C[C@@H](N)[C@@H](O)C/C=C/[C@@H](O)[C@H](Cc1ccccc1)C(=O)N[C@H](Cc1ccccc1)C(N)=O
./data/8efo_cleaned.pdb,CCCC(=O)OC1(c2[nH]c3ccccc3c2C)CCC(c2cccc(F)c2)(N(C)C)CC1
./data/8efo_cleaned.pdb,CCC(=O)N(Cc1ccc(C)cc1)C1(C(=O)NCCc2cccc(F)c2)CCN(CCc2ccccc2)CC1
./data/8efo_cleaned.pdb,COc1ccc(CNc2ccc3c(c2)[C@]24CCCC[C@@H]2[C@H](C3)N(CC2CC2)CC4)cc1
./data/8efo_cleaned.pdb,Oc1ccc2c(c1)[C@]13CCCC[C@@H]1[C@H](C2)N(CC1CCC1)CC3
./data/8efo_cleaned.pdb,Oc1ccc2c3c1O[C@@H]1c4ncc(-c5ccccc5)cc4C[C@]4(OCCCC5CCOCC5)[C@H](C2)N(CC2CC2)CC[C@@]314
./data/8efo_cleaned.pdb,COc1ccc(CN2C3C4C5CC6C7C5C3C7C2(O)C64)cc1OC
./data/8efo_cleaned.pdb,CN1CC[C@]23CC(=O)[C@@H](CC(=O)NCC4CC4)C[C@@]2(O)[C@H]1Cc1ccc(O)cc13
./data/8efo_cleaned.pdb,C[C@H](NC(=O)[C@H](Cc1c[nH]c2ccccc12)NC(=O)[C@@H]1CCCN1C(=O)[C@@H](N)Cc1ccc(O)cc1)C(N)=O
./data/8efo_cleaned.pdb,NC(=O)c1cc(F)cc(O[C@@H]2C[C@@H]3CC[C@H](C2)N3Cc2ccccc2)c1
./data/8efo_cleaned.pdb,CN1CC[C@]23Cc4nc(N)sc4C[C@H]2[C@H]1Cc1ccc(O)cc13
./data/8efo_cleaned.pdb,Oc1cc2c(cc1CNCCCCNCc1cc3c(cc1O)[C@]14CCCC[C@@H]1[C@H](C3)N(CC1CCC1)CC4)C[C@H]1[C@H]3CCCC[C@@]23CCN1CC1CCC1
./data/8efo_cleaned.pdb,Cc1cc(CNCC[C@]2(c3ccccn3)CCOC3(CCCC3)C2)sc1C
./data/8efo_cleaned.pdb,CCN1CC2(CCN(CCc3ccccc3F)CC2)O[C@@H](C)C1=O
./data/8efo_cleaned.pdb,CC1(C)c2cc(O)ccc2CCC1NCC1CC1
./data/8efo_cleaned.pdb,Cc1cc(O)cc(C)c1C[C@H](N)C(=O)N[C@@H](C)C(=O)NCC(=O)N(C)[C@@H](Cc1ccccc1)C(=O)N1CCC[C@H]1C(=O)N[C@@H](CC(C)C)C(=O)N[C@@H](Cc1c[nH]c2ccccc12)C(=O)NCc1cc(C(F)(F)F)cc(C(F)(F)F)c1
./data/8efo_cleaned.pdb,CC[C@H]1CN2CC[C@]3(O)C(=Nc4cccc(-c5ccoc5)c43)[C@H]2C[C@H]1/C(=C\OC)C(=O)OC
./data/8efo_cleaned.pdb,C[C@@H](NC(=O)[C@@H](N)Cc1ccc(O)cc1)C(=O)NCC(=O)N[C@@H](Cc1ccccc1)C(=O)NCC(=O)N1CCC[C@H]1C(=O)N[C@@H](CCC(N)=O)C(=O)N[C@@H](CCCNC(=N)N)C(=O)N[C@@H](Cc1ccccc1)C(N)=O
./data/8efo_cleaned.pdb,O=C(NCC1NCCc2ccccc21)c1ccc(OC(F)(F)F)cc1
./data/8efo_cleaned.pdb,COc1ccc2c3c1O[C@@H]1C(=O)CC[C@]4(NC(=O)/C=C/c5ccc(Cl)cc5)[C@H](C2)N(CC2CC2)CC[C@@]314
./data/8efo_cleaned.pdb,O=C1CC[C@@]2(O)[C@H]3Cc4ccc(O)c5c4[C@@]2(CCN3CC2CC2)[C@H]1O5
./data/8efo_cleaned.pdb,CN(C)C[C@]1(c2cccc(F)n2)C[C@@H]2CC[C@H](C1)N2C(c1ccccc1Cl)c1ccccc1Cl
./data/8efo_cleaned.pdb,CC[C@]12CCN(C[C@@H](O)c3ccccc3)C[C@H]1Oc1ccc(O)cc12
./data/8efo_cleaned.pdb,N=C(N)NCCC[C@H](NC(=O)[C@H](CCC(N)=O)NC(=O)[C@@H]1CCCN1C(=O)[C@@H](CS)NC(=O)[C@H](Cc1ccccc1)NC(=O)CNC(=O)[C@H](CS)NC(=O)[C@@H](N)Cc1ccc(O)cc1)C(=O)N[C@@H](Cc1ccccc1)C(N)=O
./data/8efo_cleaned.pdb,Oc1ccc2c(c1)[C@]13CCCC[C@@H]1[C@H](C2)N(CC1CC1)CC3
./data/8efo_cleaned.pdb,O=C(O)c1nc2ccccc2n([C@@H]2C[C@@H]3CCC[C@H](C2)N3C2CC3CCCC(C3)C2)c1=O
./data/8efo_cleaned.pdb,C[C@@H]1[C@@H]2CC[C@H](c3ccccc3)CN2CC[C@]1(C)c1cccc(O)c1
./data/8efo_cleaned.pdb,CO[C@H]1Cc2ccc(O)cc2C(C)(C)[C@@H]1N
./data/8efo_cleaned.pdb,CC1OC2(CCN(CCc3cccc(F)c3)CC2)CN(c2ccccc2)C1=O
./data/8efo_cleaned.pdb,CCc1ccc2nc(N3CCC(N[C@H]4CCCOC4)CC3)c(-c3nc(C)no3)cc2c1
./data/8efo_cleaned.pdb,Cc1cc(O)cc(C)c1C[C@H](N)C(=O)N(C)[C@H](C)C(=O)N[C@H]1Cc2ccccc2CN(CC(N)=O)C1=O
./data/8efo_cleaned.pdb,CN1C(=O)CNC(=O)[C@@H](NC(=O)[C@H](N)Cc2ccc(O)cc2)CNC(=O)C[C@H](C(=O)N2CCC[C@@H]2C(=O)N[C@H](CCC(N)=O)C(=O)N[C@H](CCCNC(=N)N)C(=O)N[C@H](Cc2ccccc2)C(N)=O)NC(=O)[C@H]1Cc1ccccc1
./data/8efo_cleaned.pdb,Cc1cc(O)cc(C)c1C[C@H](N)C(=O)N1Cc2ccccc2C[C@H]1C(=O)N[C@@H](Cc1ccccc1)C(=O)N[C@@H](Cc1ccccc1)C(N)=O
./data/8efo_cleaned.pdb,C[C@H]1CN(C[C@H](Cc2ccccc2)C(=O)N[C@@H](Cc2cccc3ccccc23)C(=O)O)CC[C@@]1(C)c1cccc(O)c1
./data/8efo_cleaned.pdb,C/C=C1/CN2CC[C@]34c5cc(O)ccc5N(C)[C@@]35OC[C@]4(C(=O)OC)[C@@H]1C[C@@H]25
./data/8efo_cleaned.pdb,CC(C)(CO)C(=O)N(CCN1[C@H]2CC[C@@H]1C[C@H](c1cccc(C(N)=O)c1)C2)CC1CCCC1.O=C(O)C(F)(F)F
./data/8efo_cleaned.pdb,CN1CC[C@]23CC(=O)CC[C@H]2[C@H]1Cc1ccc(C(N)=O)c(O)c13
./data/8efo_cleaned.pdb,CC(c1ccc(Cl)cc1)N1CCC(n2c(=O)[nH]c3ccccc32)CC1
./data/8efo_cleaned.pdb,CCN(CC)C(=O)c1ccc(N(c2cccc(OC)c2)C2CCN(CCc3ccsc3)CC2)cc1
./data/8efo_cleaned.pdb,COc1ccc2c3c1O[C@@H]1[C@]34CCN(CC3CC3)[C@H](C2)[C@]42CC[C@@]1(OC)[C@@H](C(C)(C)OCc1ccccc1)C2
./data/8efo_cleaned.pdb,CCS(=O)(=O)NCc1ccc(CC(=O)N(C)[C@H](CN2CC[C@H](O)C2)c2ccccc2)cc1
./data/8efo_cleaned.pdb,O=C(c1ccccc1)N(c1ccccc1)C1(C(=O)NCCc2cccc(F)c2)CCN(CCc2ccccc2)CC1
./data/8efo_cleaned.pdb,CCC(=O)N(CC1(N2CCN(Cc3ccccc3)CC2)CC1)c1ncccc1F
./data/8efo_cleaned.pdb,CS(=O)(=O)CC(=O)N(CCCN1[C@H]2CC[C@@H]1C[C@H](c1cccc(C(N)=O)c1)C2)CC1CCCCC1
./data/8efo_cleaned.pdb,O=C(O)c1nc2ccccc2n([C@@H]2C[C@@H]3CCC[C@H](C2)N3C23CCCC(CCC2)C3)c1=O
./data/8efo_cleaned.pdb,O=C1C[C@@]23CCN(CC4CC4)[C@@H](Cc4ccc(O)cc42)[C@@]3(O)CC/C1=C\c1ccccc1
./data/8efo_cleaned.pdb,Cc1cc(-n2ncc(=O)[nH]c2=O)ccc1C(=O)c1ccccc1Cl
./data/8efo_cleaned.pdb,NC(=O)c1ccc2c(c1)[C@@]13CCCCC1[C@@H](C2)N(CC1CCC1)CC3
./data/8efo_cleaned.pdb,CCCCCCCCCCCCCCCC(=O)NCCCN1C(=O)CC(SC[C@H](NC(=O)[C@H](CC(C)C)NC(=O)[C@H](Cc2ccccc2)NC(=O)CNC(=O)CNC(=O)[C@@H](N)Cc2ccc(O)cc2)C(N)=O)C1=O
./data/8efo_cleaned.pdb,COc1cccc(C(=O)N[C@H]2CC[C@@]3(O)[C@H]4Cc5ccc(O)c6c5[C@@]3(CCN4CC3CC3)[C@H]2O6)c1
./data/8efo_cleaned.pdb,CN1CC[C@]23c4c5ccc(O)c4O[C@H]2[C@@H](O)C=C[C@H]3[C@H]1C5
./data/8efo_cleaned.pdb,CC(C)C1CCC(N2CCC(N3C(=O)CCc4ccccc43)CC2)CC1
./data/8efo_cleaned.pdb,C[C@H]1CN2CCN(Cc3ccccc3)C[C@H]2C[C@@]1(C)c1cccc(O)c1
./data/8efo_cleaned.pdb,Clc1ccccc1C(c1ccccc1Cl)N1[C@H]2CC[C@@H]1C[C@@](CN1CCCC1)(c1ccccc1)C2
./data/8efo_cleaned.pdb,N#CC(CCNCCc1ccccc1)(c1ccccc1)c1ccccc1
./data/8efo_cleaned.pdb,O=C(C[C@@H]1O[C@H](CO)[C@@H](O)[C@H](O)[C@H]1O)N[C@H]1CC[C@@]2(O)[C@H]3Cc4ccc(O)c5c4[C@@]2(CCN3CC2CC2)[C@H]1O5
./data/8efo_cleaned.pdb,NC(=O)c1ccc2c(c1O)[C@]13CCN(CC4CCC4)[C@H](C2)[C@@H]1CCC(=O)C3
./data/8efo_cleaned.pdb,O=C(O)c1nc2ccccc2n([C@@H]2C[C@@H]3CCC[C@H](C2)N3C23CC4CC(CC(C4)C2)C3)c1=O
./data/8efo_cleaned.pdb,COc1ccc2c3c1O[C@@H]1[C@]34CCN(CC3CC3)[C@H](C2)[C@]42CC[C@@]1(OC)[C@@H](COCc1ccc(-c3ccccc3)cc1)C2
./data/8efo_cleaned.pdb,C[C@@H](NC(=O)[C@@H](N)Cc1ccc(O)cc1)C(=O)NCC(=O)N(C)[C@@H](Cc1ccccc1)C(=O)NCC(=O)N1CCC[C@H]1C(=O)N[C@@H](CCC(N)=O)C(=O)N[C@@H](CCCNC(=N)N)C(=O)N[C@@H](Cc1ccccc1)C(N)=O
./data/8efo_cleaned.pdb,O=S1(=O)NCc2ccccc2N1C1CCN(Cc2ccc(OCc3ccccc3)cc2)CC1
./data/8efo_cleaned.pdb,Cl.Cl.Oc1ccc2c(c1)[C@@]13CCN(CCF)[C@@H](C2)[C@@]1(O)Cc1cc2ccccc2nc1C3
./data/8efo_cleaned.pdb,CCC(=O)N(CCN1CCC(Cc2ccc(C)cc2)CC1)c1ccc(F)cc1
./data/8efo_cleaned.pdb,CC1CN(c2nc3ccccc3n2C2CCN(C3(C)CCCCCCC3)CC2)CC(C)N1
./data/8efo_cleaned.pdb,C[C@@H]1[C@@H]2Cc3ccc(O)cc3[C@@]1(C)CCN2CCC(=O)N1CCc2ccccc2[C@H]1c1ccccc1
./data/8efo_cleaned.pdb,CCC(=O)N(CC1(N2CCN(CCOCC(C)C)CC2)CCOCC1)c1cccc(C(F)(F)F)n1
./data/8efo_cleaned.pdb,Br.Oc1cc2c(c(Cl)c1O)CCNCC2c1ccccc1
./data/8efo_cleaned.pdb,N=C(N)NCCC[C@@H](NC(=O)[C@@H](CCCNC(=N)N)NC(=O)CNC(=O)[C@@H]1CSSC[C@H](NC(=O)[C@@H](N)Cc2ccc(O)cc2)C(=O)N[C@@H](Cc2ccccc2)C(=O)N[C@@H](Cc2ccccc2)C(=O)N1)C(=O)O
./data/8efo_cleaned.pdb,CC(C)C1OC2(CCN(CCc3ccccc3)CC2)CN(C)C1=O
./data/8efo_cleaned.pdb,Cc1cc(O)cc(C)c1C[C@H](N)C(=O)N[C@H](CCCNC(=N)N)C(=O)N[C@H]1Cc2ccccc2CN(CCC(=O)N[C@@H](CCCCN)C(=O)N[C@@H](CCCCN)C(=O)N2CCC[C@H]2C(=O)N[C@@H](Cc2cccc(O)c2)C(=O)N[C@H](C(=O)N[C@@H](CC(C)C)C(=O)O)C(C)(C)C)C1=O
./data/8efo_cleaned.pdb,CN(C)c1nc2cc3c(cc2s1)C[C@H]1[C@H]2CCCC[C@@]32CCN1CC1CC1
./data/8efo_cleaned.pdb,COc1ccc2c3c1O[C@@H]1[C@]34CCN(CC3CC3)[C@H](C2)[C@]42CC[C@@]1(OC)[C@@H](COCc1ccc(C(F)(F)F)cc1)C2
./data/8efo_cleaned.pdb,C[C@H]1C2Cc3ccc(C(=O)NCCCc4ccc5ccccc5c4)cc3[C@@]1(C)CCN2CC1CC1
./data/8efo_cleaned.pdb,COc1ccc2c3c1O[C@@H]1C(=O)CC[C@]4(NC(=O)/C=C/c5ccc(Cl)cc5)[C@H](C2)N(CC2CC2)CC[C@@]314
./data/8efo_cleaned.pdb,C=CCN1CN(c2ccccc2)C2(CCN(C(c3ccccc3)c3ccccc3)CC2)C1=O
./data/8efo_cleaned.pdb,CC(c1ccc(Cl)cc1)N1CCC(n2c(=O)[nH]c3ccccc32)CC1
./data/8efo_cleaned.pdb,Cc1ccccc1C(c1ccccc1C)N1CCC2(CC1)C(=O)NCN2c1ccccc1
./data/8efo_cleaned.pdb,CN(CC(=O)O)[C@H]1CCN(c2nc3ccccc3n([C@@H]3C[C@@H]4CCC[C@H](C3)N4C3CCCCCCC3)c2=O)C1
./data/8efo_cleaned.pdb,Oc1ccc2c3c1O[C@@H]1c4[nH]c5ccccc5c4C[C@]4(O)[C@H](C2)N(CC2CC2)CC[C@@]314
./data/8efo_cleaned.pdb,OC1(c2ccccc2)CCN(C(c2ccccc2)c2ccccc2Br)CC1
./data/8efo_cleaned.pdb,CO[C@]12CC[C@@H](N[C@@H](C(=O)O)C(C)C)[C@H]3Oc4c(O)ccc5c4[C@]31CCN(C)[C@H]2C5
./data/8efo_cleaned.pdb,c1ccc(CNCCC2(c3ccccn3)CCOC3(CCCC3)C2)cc1
./data/8efo_cleaned.pdb,C=C(C(=O)N[C@@H](Cc1ccccc1)C(N)=O)[C@@H](NC(=O)[C@@H]1CCCN1C(=O)[C@@H](N)Cc1ccc(O)cc1)c1ccccc1
./data/8efo_cleaned.pdb,COCCOCCO[C@H]1CC[C@@]2(O)C3Cc4ccc(O)c5c4[C@@]2(CCN3C)[C@H]1O5
./data/8efo_cleaned.pdb,C[C@H](NC(=O)[C@@H](N)Cc1ccc(O)cc1)C(=O)N[C@@H](Cc1ccccc1)C(=O)NCC(=O)N[C@@H](Cc1ccc(O)cc1)C(=O)N1CCC[C@H]1C(=O)N[C@@H](CO)C(N)=O
./data/8efo_cleaned.pdb,CC(c1ccc(F)cc1)N1CCC(n2c(=O)[nH]c3ccccc32)CC1
./data/8efo_cleaned.pdb,CN(C)C(=O)CC1OC2(CCN(CCc3ccccc3)CC2)CN(c2ccccc2)C1=O
./data/8efo_cleaned.pdb,CS(=O)[C@@H]1Cc2ccc(O)cc2C(C)(C)[C@@H]1N
./data/8efo_cleaned.pdb,CCCCNC(=O)Cn1c(=O)n(C2CCN(CCC(Oc3cc(OC)ccc3C)C(C)C)CC2)c2ccccc21
./data/8efo_cleaned.pdb,COc1ccc(-c2ccc(CCNC(=O)c3ccc4c(c3)C3(C)CCN(CC5CC5)C(C4)C3C)cc2)cc1
./data/8efo_cleaned.pdb,COc1ccc2c(c1)[C@]13CCN(CC4CC4)[C@H](C2)[C@]1(O)C[C@H](CC(=O)N[C@@H](CC(C)C)C(=O)O)C(=O)C3
./data/8efo_cleaned.pdb,O=S(=O)(c1ccccc1-c1ccc(CN2CCC(CCO)CC2)c(F)c1)N1CCCCC1
./data/8efo_cleaned.pdb,COc1ccc2c3c1O[C@@H]1[C@]34CCN(CC3CC3)[C@H](C2)[C@]42CC[C@@]1(OC)[C@@H](COC(=O)[C@@H](N)C(C)O)C2
./data/8efo_cleaned.pdb,CN(C)C1(Cc2ccccc2)CCN(c2cc(C(F)(F)F)ccc2CNC(=O)NCc2ccc(NS(C)(=O)=O)c(F)c2)CC1
./data/8efo_cleaned.pdb,O=C(CCN1CCN(c2ccccc2F)CC1)Nc1ccc2c(c1)OCO2
./data/8efo_cleaned.pdb,COc1ccc2c3c1O[C@H]1[C@]4(OC)CC[C@@]5(C[C@@H]4CNC(=O)/C=C/c4ccccc4Cl)[C@@H](C2)N(C)CC[C@]315
./data/8efo_cleaned.pdb,CN(C(=O)Cc1ccccc1)[C@H]1CC[C@@]2(CCCO2)C[C@@H]1N1CCCC1
./data/8efo_cleaned.pdb,C[C@H]1C2Cc3ccc(C(N)=O)cc3[C@@]1(C)CCN2CC1CC1
./data/8efo_cleaned.pdb,CN(C)S(=O)(=O)N(CCN1[C@H]2CC[C@@H]1C[C@H](c1cccc(C(N)=O)c1)C2)Cc1ccc(C(F)(F)F)cc1.O=C(O)C(F)(F)F
./data/8efo_cleaned.pdb,CCOc1ccc(Cc2nc3cc(NC(C)=N)ccc3n2CCN(CC)CC)cc1.Cl.Cl
./data/8efo_cleaned.pdb,C[C@H]1CN(CCc2ccccc2)CC[C@@]1(C)c1cccc(O)c1
./data/8efo_cleaned.pdb,CC[C@]12CCNC[C@H]1Oc1ccc(O)cc12
./data/8efo_cleaned.pdb,CCCN1CCO[C@@H]2c3cc(O)ccc3OC[C@H]21.Cl
./data/8efo_cleaned.pdb,C=CCN1CC[C@]23c4c5ccc(O)c4O[C@H]2C(=O)CC[C@@]3(O)[C@H]1C5
./data/8efo_cleaned.pdb,Oc1ccc2c3c1O[C@@H]1c4ncc(-c5ccccc5)cc4C[C@]4(OCCCc5ccccn5)[C@H](C2)N(CC2CC2)CC[C@@]314
./data/8efo_cleaned.pdb,CC(C)[C@H]1CC[C@@H](N2CCC(n3cc(CN)c4ccccc43)CC2)CC1
./data/8efo_cleaned.pdb,COCCN1CC[C@@]2(C)c3cc(O)ccc3C[C@@H]1[C@@H]2C
./data/8efo_cleaned.pdb,CCOc1ccc(Cc2nc3cc(NC(=N)c4ccoc4)ccc3n2CCN(CC)CC)cc1.Cl.Cl
./data/8efo_cleaned.pdb,CN1CC[C@]23CC(=O)CC[C@@]2(O)[C@H]1Cc1ccc(C(=O)NCCc2ccc(-c4ccccc4)cc2)c(O)c13
./data/8efo_cleaned.pdb,CO[C@]12CCCC[C@]13CCN(CC1CCC1)[C@H]2Cc1ccc(OC(=O)CCCCCCCCC(=O)OCc2ccccc2)cc13
./data/8efo_cleaned.pdb,OC1(c2ccc(Cl)c(C(F)(F)F)c2)CCN(CCCC=C(c2ccc(F)cc2)c2ccc(F)cc2)CC1
./data/8efo_cleaned.pdb,Cc1nn(-c2ccc(F)cc2F)c2c1C(=O)CC(C)(C)C2
./data/8efo_cleaned.pdb,Cc1cc(Oc2nccc3occc23)ccc1-c1c(C)ncc2nccn12
./data/8efo_cleaned.pdb,CCc1ccc2nc(N3CCC(NC4CCOCC4)CC3)c(-c3nc(C)no3)cc2c1
./data/8efo_cleaned.pdb,O=C(O)CC(NC(=O)c1nc2ccccc2n([C@@H]2C[C@@H]3CC[C@H](C2)N3C2CCCCCCC2)c1=O)C(=O)O
./data/8efo_cleaned.pdb,N=C(N)NCCC[C@H](N)C(=O)NCC1(Nc2ccccc2)CCN(Cc2ccccc2)CC1
./data/8efo_cleaned.pdb,Cc1nn(-c2ccc(Cl)cc2Br)c2c1C(=O)CC(C)(C)C2
./data/8efo_cleaned.pdb,COc1ccc2c3c1O[C@@H]1[C@]34CCN(CC(N)=O)[C@H](C2)[C@]42CC[C@@]1(OC)[C@@H](COCc1ccccc1)C2
./data/8efo_cleaned.pdb,Oc1cccc2c1O[C@H]1CCC[C@H]3CN(CC4CC4)CC[C@]213
./data/8efo_cleaned.pdb,O=S1(=O)NCc2ccccc2N1C1CCN(Cc2ccc(-c3ccccc3)cc2)CC1
./data/8efo_cleaned.pdb,C[C@@H](NC(=O)[C@@H](N)Cc1ccc(O)cc1)C(=O)NCC(=O)N(C)[C@@H](Cc1ccccc1)C(=O)NCCO
./data/8efo_cleaned.pdb,c1ccc2c(c1)CCO[C@]21CCC[C@@H](NCC2CCCCC2)C1
./data/8efo_cleaned.pdb,CC(C)CC(C)N1[C@H]2CCC[C@@H]1C[C@H](n1c(=O)c(C(=O)O)nc3ccccc31)C2
./data/8efo_cleaned.pdb,CCOC(=O)N(c1ccccc1)C1CCN(CCn2c(=O)n(C3CC3)c3ccccc32)CC1
./data/8efo_cleaned.pdb,COC(=O)[C@@H]1C[C@H](OC(=O)C=C(C)C)C(=O)[C@H]2[C@@]1(C)CC[C@H]1C(=O)O[C@H](c3ccoc3)C[C@]21C
./data/8efo_cleaned.pdb,O=C1NCN(c2ccccc2)C12CCN([C@@H]1CCCC[C@@]1(O)c1cccc(Cl)c1)CC2
./data/8efo_cleaned.pdb,CO[C@H]1C=CC2C3Cc4ccc(O)c5c4[C@@]2(CCN3C)C1O5
./data/8efo_cleaned.pdb,CCCCCCCCCNCc1ccc(OCc2ccccc2C(=O)Nc2ccc3nc(C)cc(N)c3c2)cc1
./data/8efo_cleaned.pdb,CCCCN(C)C1(c2ccccc2)CCC(c2ccccc2)(N(C)C)CC1
./data/8efo_cleaned.pdb,CC1(C)CC(=O)C2=C(C1)OC1=C(C(=O)CC(C)(C)C1)C2c1ccc(OCc2ccccc2OC(F)(F)F)cc1
./data/8efo_cleaned.pdb,C[C@H]1C2Cc3ccc(C(N)=O)cc3[C@@]1(C)CCN2CC1CC1
./data/8efo_cleaned.pdb,COc1cc(C[C@H](N)C(=O)N2CCC[C@H]2C(=O)N[C@@H](Cc2ccccc2)C(=O)N[C@@H](Cc2ccccc2)C(N)=O)cc(OC)c1O
./data/8efo_cleaned.pdb,CCC[C@@H]1C[C@@](C)(c2cccc(O)c2)[C@@H](C)CN1
./data/8efo_cleaned.pdb,O=C1COC2(CCN(CCc3ccccc3)CC2)CN1c1ccccc1
./data/8efo_cleaned.pdb,Oc1ccc2c3c1OC1[C@@H](O)CC[C@@]4(O)[C@@H](C2)N(CC2CCC2)CC[C@]314
./data/8efo_cleaned.pdb,CCCCCN1CCCc2cc(Oc3ccc(C(N)=O)cn3)ccc2C1
./data/8efo_cleaned.pdb,Cc1ccccc1C(c1ccccc1C)N1CCC(O)(c2ccccc2)CC1
./data/8efo_cleaned.pdb,NC(=O)c1cccc(O[C@H]2C[C@@H]3CC[C@H](C2)N3CCc2ccccc2)c1
./data/8efo_cleaned.pdb,CCOCCN1CCN(C2(CN(C(=O)CC)c3cccc(C(F)(F)F)n3)CCOCC2)CC1
./data/8efo_cleaned.pdb,CN1CC[C@@]23c4c5cccc4O[C@@H]2C(=O)CC[C@]3(NC(=O)/C=C/c2ccccc2Cl)[C@@H]1C5
./data/8efo_cleaned.pdb,CC(c1ccc2c(c1)OCCO2)N1CCC(n2c(=O)[nH]c3ccccc32)CC1
./data/8efo_cleaned.pdb,COC(=O)[C@@H]1C[C@H](OC(=O)c2ccccc2)C(=O)[C@H]2[C@@]1(C)CC[C@H]1C(=O)O[C@H](c3ccoc3)C[C@]21C
./data/8efo_cleaned.pdb,COc1ccc2c3c1O[C@@H]1C(=O)CC[C@]4(O)[C@H](C2)N(C)CC[C@@]314
./data/8efo_cleaned.pdb,CCN[C@@]12Cc3c([nH]c4ccccc34)[C@@H]3Oc4c(O)ccc5c4[C@@]31CCN(C)C2C5
./data/8efo_cleaned.pdb,C[C@@H]1CN2CCN(Cc3ccsc3)C[C@@H]2C[C@]1(C)c1cccc(O)c1
./data/8efo_cleaned.pdb,O=C(CCCCCCCCC(=O)Oc1ccc2c3c1O[C@H]1C(=O)CC[C@@]4(O)[C@@H](C2)N(CC2CC2)CC[C@]314)Oc1ccc2c(c1)[C@@]13CCCCC1[C@@H](C2)N(CC1CCC1)CC3
./data/8efo_cleaned.pdb,C[C@@H](Cc1ccsc1)NC(=O)NC[C@H](Cc1ccc(O)cc1)N(C)C
./data/8efo_cleaned.pdb,Cc1ccccc1[C@@H]1NC(=O)[C@H](NC(=O)[C@@H](N)Cc2c(C)cc(O)cc2C)CCCCNC(=O)C[C@@H](C(N)=O)NC(=O)[C@H](c2ccccc2)NC1=O
./data/8efo_cleaned.pdb,CC(C)(C)OC(=O)N1CC2CN(c3nc4ccccc4n(C4CCN(C5CCCCCCC5)CC4)c3=O)CC2C1
./data/8efo_cleaned.pdb,Cl.O=C(c1ccco1)N1CCN(CCCCOc2ccc(F)cc2)CC1
./data/8efo_cleaned.pdb,COC(=O)[C@@H]1C[C@H](O)[C@H](O)[C@H]2[C@@]1(C)CC[C@H]1C(=O)O[C@H](c3ccoc3)C[C@]21C
./data/8efo_cleaned.pdb,CN(C)[C@H]1CCCC[C@@H]1OCCCc1ccccc1
./data/8efo_cleaned.pdb,CC(C)(CO)C(=O)N(CCN1[C@H]2CC[C@@H]1C[C@H](c1cccc(C(N)=O)c1)C2)Cc1ccccc1.O=C(O)C(F)(F)F
./data/8efo_cleaned.pdb,CN(C)[C@]1(c2ccccc2)CC[C@@]2(CC1)c1[nH]c3ccccc3c1CCN2C.Cl
./data/8efo_cleaned.pdb,COc1ccc(C)c(OC(CCN2CCC(n3c(=O)n(Cc4c(C)noc4C)c4ccccc43)CC2)C(C)C)c1
./data/8efo_cleaned.pdb,CC(C)[C@H]1CC[C@@H](N2CCC(n3ccc4ccccc43)CC2)CC1
./data/8efo_cleaned.pdb,Cl.Oc1cccc([C@]23CCC[C@H](C2)N(C/C=C\c2ccccc2)CC3)c1
./data/8efo_cleaned.pdb,CC(=O)NCC[C@@H]1C[C@@](C)(c2cccc(O)c2)[C@@H](C)CN1CCc1ccccc1
./data/8efo_cleaned.pdb,c1cc2c(cc1CNc1ccc3c(c1)[C@]14CCCC[C@@H]1[C@H](C3)N(CC1CCC1)CC4)OCO2
./data/8efo_cleaned.pdb,CC[C@@]12CCN(CC3CC3)C(C(=O)c3ccc(N)cc31)[C@@H]2C
./data/8efo_cleaned.pdb,C[C@H]1CN(C[C@H](Cc2ccccc2)C(=O)N[C@@H](Cc2ccc3ccccc3c2)C(=O)O)CC[C@@]1(C)c1cccc(O)c1
./data/8efo_cleaned.pdb,Cc1cc(O)cc(C)c1C[C@H](N)C(=O)N1CCC[C@H]1C(=O)N[C@@H](Cc1ccccc1)C(N)=O
./data/8efo_cleaned.pdb,CCO[C@H](CBr)O[C@H]1C[C@@H](C(=O)OC)[C@]2(C)CC[C@H]3C(=O)O[C@H](c4ccoc4)C[C@]3(C)[C@H]2C1=O
./data/8efo_cleaned.pdb,C[C@@H](CN1[C@H]2CC[C@@H]1C[C@H](c1cccc(O)c1)C2)N(Cc1ccccc1)C(=O)C1CCCC1
./data/8efo_cleaned.pdb,CCCCCCCCC(N)C(=O)N[C@@H](Cc1c(C)cc(O)cc1C)C(=O)N1CCC[C@H]1C(=O)N[C@@H](Cc1c[nH]c2ccccc12)C(=O)N[C@@H](Cc1ccccc1)C(N)=O
./data/8efo_cleaned.pdb,O=C1NCN(c2ccccc2)C12CCN(Cc1ccccc1Cl)CC2
./data/8efo_cleaned.pdb,CNC(=O)CN1C(=O)OC2(CCN(C3CCC(C(C)C)CC3)CC2)c2ccccc21
./data/8efo_cleaned.pdb,N=C(N)NCCC[C@H](NC(=O)[C@H](CCC(N)=O)NC(=O)[C@@H]1CCCN1C(=O)[C@@H]1CSSC[C@H](NC(=O)[C@@H](N)Cc2ccc(O)cc2)C(=O)NCC(=O)N[C@@H](Cc2ccccc2)C(=O)N1)C(=O)N[C@@H](Cc1ccccc1)C(N)=O
./data/8efo_cleaned.pdb,CCC(=O)N(Cc1ccccc1)C1(C(=O)NCCc2cccc(F)c2)CCN(CCc2ccccc2)CC1
./data/8efo_cleaned.pdb,CN(C)C1(Cc2ccccc2)CCN(c2cc(C(F)(F)F)ccc2CNC(=O)Nc2ccc3ccncc3c2)CC1
./data/8efo_cleaned.pdb,CC(C)Oc1ccc(-c2ccc(CCNC(=O)c3ccc4c(c3)C3(C)CCN(CC5CC5)C(C4)C3C)cc2)cc1
./data/8efo_cleaned.pdb,COc1ccc(CC(=O)N[C@@H]2CC[C@@]3(O)[C@H]4Cc5ccc(O)c6c5[C@@]3(CCN4CC3CC3)[C@H]2O6)cc1
./data/8efo_cleaned.pdb,c1ccc(N2CCN(Cc3ccc4c(c3)OCO4)CC2)nc1
./data/8efo_cleaned.pdb,O=C1NCN(c2ccc(Cl)cc2)C12CCN([C@@H]1CCCC[C@@]1(O)c1ccc(F)cc1)CC2
./data/8efo_cleaned.pdb,C[C@@H]1CN2CCN(C(=O)Nc3ccccc3)C[C@@H]2C[C@]1(C)c1cccc(O)c1
./data/8efo_cleaned.pdb,C=CCN1CC[C@]23c4c5ccc(O)c4O[C@H]2C(=O)CC[C@@]3(O)[C@H]1C5
./data/8efo_cleaned.pdb,CCC(c1ccc(Cl)cc1)N1CCC(n2c(=O)[nH]c3ccccc32)CC1
./data/8efo_cleaned.pdb,CCN(CCNC(=O)c1ccc(CNS(=O)(=O)c2ccccc2)cc1)Cc1ccccc1
./data/8efo_cleaned.pdb,Cc1cc(O)cc(C)c1C[C@H](N)C(=O)N[C@H](CCCNC(=N)N)C(=O)N[C@H]1Cc2ccccc2CN(CCC(N)=O)C1=O
./data/8efo_cleaned.pdb,O=C(NCC1NCCc2ccccc21)c1ccc(Cl)cc1
./data/8efo_cleaned.pdb,C[C@H]1CN(CCC(=O)N(Cc2ccc(-c3ccccc3)cc2)[C@@H](Cc2ccccc2)C(=O)O)CC[C@@]1(C)c1cccc(O)c1
./data/8efo_cleaned.pdb,Cl.O=C(N[C@]12CCC(=O)[C@H]3Oc4c(O)ccc5c4[C@]31CCN(CC1CC1)[C@H]2C5)c1ccccn1
./data/8efo_cleaned.pdb,CC(=O)N(Cc1ccccc1)[C@@H](C)CN1[C@H]2CC[C@@H]1C[C@H](c1cccc(O)c1)C2
./data/8efo_cleaned.pdb,CC[C@@H]1c2cc(OC)ccc2CC[C@]1(C)N
./data/8efo_cleaned.pdb,CC[C@H]1CN2CC[C@]3(O)C(=Nc4ccc(-c5ccoc5)c(OC)c43)[C@H]2C[C@H]1/C(=C\OC)C(=O)OC
./data/8efo_cleaned.pdb,CC(C)[C@@H]1C[C@H]2[C@H]3Cc4ccc(O)cc4[C@@]2(CCN3CC2CC2)CC1=O
./data/8efo_cleaned.pdb,OC(COc1ccc(Cc2ccc(OCC(O)COc3ccc4c(c3)[C@]35CCCC[C@@H]3[C@H](C4)N(CC3CCC3)CC5)cc2)cc1)COc1ccc2c(c1)[C@]13CCCC[C@@H]1[C@H](C2)N(CC1CCC1)CC3
./data/8efo_cleaned.pdb,C[C@H]1C2Cc3ccc(C(=O)NCc4ccc(-c5ccccc5)cc4)cc3[C@@]1(C)CCN2CC1CC1
./data/8efo_cleaned.pdb,Cc1cc(O)cc(C)c1C[C@H](N)C(=O)NCCc1nc(C)c(C)[nH]c1=O
./data/8efo_cleaned.pdb,Cl.Oc1cccc(CCN(CCc2cccc(O)c2)CC2CCCC2)c1
./data/8efo_cleaned.pdb,Oc1ccc2c3c1O[C@@H]1c4ncc(-c5ccc(Cl)cc5)cc4C[C@]4(OCCCc5ccccc5)[C@H](C2)N(CC2CC2)CC[C@@]314
./data/8efo_cleaned.pdb,O=C(NCC1c2ccccc2CCN1S(=O)(=O)c1ccc(Br)cc1OC(F)(F)F)C1CCCCC1
./data/8efo_cleaned.pdb,COC(=O)CN1CN(c2ccccc2)C2(CCN(C(c3ccccc3Cl)c3ccccc3Cl)CC2)C1=O
./data/8efo_cleaned.pdb,O=C1N[C@H](Cc2c[nH]c3ccccc23)C(=O)N[C@@H](Cc2ccccc2)C(=O)N2CCC[C@@H]2C(=O)N[C@H]1Cc1ccccc1
./data/8efo_cleaned.pdb,COc1ccc2c3c1O[C@@H]1[C@]34CCN(C)[C@H](C2)[C@]42CC[C@@]1(OC)[C@@H](CSc1nc(C)ns1)C2
./data/8efo_cleaned.pdb,CN1CC[C@]23CC(=O)[C@@H](CC(=O)N4CCCCC4)C[C@@]2(O)[C@H]1Cc1ccc(O)cc13
./data/8efo_cleaned.pdb,NC(=O)C1(c2ccccc2)CC2CCC(C1)N2C(c1ccccc1Cl)c1ccccc1Cl
./data/8efo_cleaned.pdb,C=C(C(N)=O)C(NC(=O)[C@H](Cc1ccccc1)NC(=O)[C@@H](C)N(C)C(=O)C(N)Cc1c(C)cc(O)cc1C)c1ccco1
./data/8efo_cleaned.pdb,Cc1cc(-n2ncc(=O)[nH]c2=O)ccc1C(=O)c1ccccc1Cl
./data/8efo_cleaned.pdb,C[C@H]1CN(CCC(=O)N(C)[C@@H](Cc2ccccc2)C(=O)O)CC[C@@]1(C)c1cccc(O)c1
./data/8efo_cleaned.pdb,CN1C(=O)CNC(=O)[C@@H](NC(=O)[C@@H](N)Cc2ccc(O)cc2)CCCCNC(=O)C[C@H](C(=O)N2CCC[C@H]2C(=O)N[C@@H](CCC(N)=O)C(=O)N[C@@H](CCCNC(=N)N)C(=O)N[C@@H](Cc2ccccc2)C(N)=O)NC(=O)[C@@H]1Cc1ccccc1
./data/8efo_cleaned.pdb,CC(C)CC(=O)N(CCN1[C@H]2CC[C@@H]1C[C@H](c1cccc(O)c1)C2)Cc1c(F)cccc1F
./data/8efo_cleaned.pdb,Cc1cc(O)cc(C)c1C[C@H](N)C(=O)N[C@@H]1CCCCNC(=O)C[C@@H](C(N)=O)NC(=O)[C@H](c2ccccc2)NC(=O)[C@H](c2ccccc2)NC1=O
./data/8efo_cleaned.pdb,C[C@H]1CN2C[C@H](c3ccccc3)N(C)C[C@H]2C[C@@]1(C)c1cccc(O)c1
./data/8efo_cleaned.pdb,C[C@@H](NC(=O)[C@@H](N)Cc1ccc(O)cc1)C(=O)NCC(=O)N(C)[C@@H](Cc1ccccc1)C(=O)NCCO
./data/8efo_cleaned.pdb,OC1(c2cccs2)CCN(C(c2ccccc2)c2ccccc2)CC1
./data/8efo_cleaned.pdb,NC(=O)C1(c2ccc(F)cc2)CC2CCC(C1)N2C(c1ccccc1Cl)c1ccccc1Cl
./data/8efo_cleaned.pdb,CCCC(C)CN1CCC(c2ccc(C(O)(CC)CC)cc2)(c2cccc(C(N)=O)c2)CC1
./data/8efo_cleaned.pdb,COc1ccc(CC2(CO)CCN(C(C)COc3ccccc3)CC2)cc1
./data/8efo_cleaned.pdb,CS(=O)(=O)CC(=O)N(CCN1[C@H]2CC[C@@H]1C[C@H](c1cccc(C(N)=O)c1)C2)CC1CCCCC1
./data/8efo_cleaned.pdb,CCOCCN1CCN(C2(CN(C(=O)CC)c3cccc(C(F)(F)F)n3)CCOCC2)CC1
./data/8efo_cleaned.pdb,CN(C)[C@]1(c2ccccc2)CC[C@]2(CC1)OCCc1c3cc(O)ccc3[nH]c12.O=C(O)CC(O)(CC(=O)O)C(=O)O
./data/8efo_cleaned.pdb,N[C@H](Cc1ccc(O)cc1)C(=O)N1C[C@H]2C[C@@H]1C(=O)N[C@@H](Cc1ccccc1)C(=O)N[C@H](Cc1ccccc1)C(=O)N2.O=C(O)C(F)(F)F
./data/8efo_cleaned.pdb,C[C@@H](NC(=O)[C@@H](N)Cc1ccc(O)cc1)C(=O)N[C@@H](Cc1ccccc1)C(=O)NCC(=O)N[C@@H](Cc1ccc(O)cc1)C(N)=O
./data/8efo_cleaned.pdb,NC(=O)c1cccc([C@@H]2C[C@@H]3CC[C@H](C2)N3CCN(CC23CC4CC(CC(O)(C4)C2)C3)C(=O)[C@@H](O)CO)c1
./data/8efo_cleaned.pdb,OC1(c2ccc(Cl)c(C(F)(F)F)c2)CCN(CCCCCc2ccc(F)cc2)CC1
./data/8efo_cleaned.pdb,Cc1ccc(C(=O)NCC2NCCc3ccccc32)cc1C
./data/8efo_cleaned.pdb,C[C@H]1CN(CCC(=O)N[C@@H](CCc2ccccc2)C(=O)O)CC[C@@]1(C)c1cccc(O)c1
./data/8efo_cleaned.pdb,O=C(O)C1(O)CCN(c2nc3ccccc3n([C@@H]3C[C@@H]4CC[C@H](C3)N4C3CCCCCCC3)c2=O)CC1
./data/8efo_cleaned.pdb,C[C@H]1[C@H]2Cc3ccc(O)cc3[C@]1(C)CCN2CC1CC1
./data/8efo_cleaned.pdb,CC1(N2CCC(n3c(-c4ccc(F)c(Cl)c4)nc4ccccc43)CC2)CCCCCCC1
./data/8efo_cleaned.pdb,O=C1N(CC2CO2)c2ccccc2C12CCN(CC1CCCCCCC1)CC2
./data/8efo_cleaned.pdb,COc1cccc(C2CCCN2Cc2ccc(Oc3ccc(C(=O)NO)cc3F)cc2)c1
./data/8efo_cleaned.pdb,Cc1ccccc1CNC[C@H](O)CN1CN(c2ccccc2)C2(CCN(CCc3ccccc3-c3cccs3)CC2)C1=O
./data/8efo_cleaned.pdb,CN1CC[C@@]23c4c5ccc(O)c4O[C@@H]2c2ncc(-c4ccc(Cl)cc4)cc2C[C@]3(OCc2ccccc2)[C@@H]1C5
./data/8efo_cleaned.pdb,NC(=O)c1ccc2c(c1O)[C@]13CCCC[C@]1(O)[C@H](C2)N(CC1CC1)CC3
./data/8efo_cleaned.pdb,CN(C)C1(c2ccccc2)CCC(CO)(CCCCc2ccccc2)CC1
./data/8efo_cleaned.pdb,CC(C)CN(C)Cc1ccc(-c2ccccc2S(=O)(=O)N2CCCC2)cc1
./data/8efo_cleaned.pdb,NC(=O)c1cccc([C@@H]2C[C@@H]3CC[C@H](C2)N3CCN(CC2CCCC2)C(=O)CO)c1.O=C(O)C(F)(F)F
./data/8efo_cleaned.pdb,CC(C)C[C@H](NC(=O)[C@H](Cc1ccccc1)NC(=O)[C@H](Cc1c[nH]c2ccccc12)NC(=O)CNC(=O)[C@@H](N)Cc1ccc(O)cc1)C(N)=O
./data/8efo_cleaned.pdb,Cc1cc(O)cc(C)c1C[C@@H](N)C(=O)N[C@H]1CSSC[C@H](NC(=O)[C@H](N)Cc2c(C)cc(O)cc2C)C(=O)NCC(=O)N[C@H](Cc2ccccc2)C(=O)NCCSSCCNC(=O)[C@@H](Cc2ccccc2)NC(=O)CNC1=O
./data/8efo_cleaned.pdb,COc1ccc2c3c1O[C@@H]1[C@]34CCN(CC3CC3)[C@H](C2)[C@]42CC[C@@]1(OC)[C@@H](COCc1ccccc1C)C2
./data/8efo_cleaned.pdb,CNC(=O)CN1Cc2ccccc2N(C2CCN(C3CCCCCCCCC3)CC2)S1(=O)=O
./data/8efo_cleaned.pdb,Oc1ccc2c3c1O[C@@H]1c4ncc(-c5cnccn5)cc4C[C@]4(OCCCc5ccccc5)[C@H](C2)N(CC2CC2)CC[C@@]314
./data/8efo_cleaned.pdb,O=c1c(NC2CCNCC2)nc2ccccc2n1C1CCN(C2CCCCCCC2)CC1
./data/8efo_cleaned.pdb,CN(C)C1(Cc2ccccc2)CCN(c2cc(C(F)(F)F)ccc2CNC(=O)Nc2ccc3cnccc3c2)CC1
./data/8efo_cleaned.pdb,CCn1c2c(c3c1[C@H]1Oc4c(O)ccc5c4[C@]14CCN(C)C(C5)[C@@]4(O)C3)CCCC2
./data/8efo_cleaned.pdb,O=C(O)C(CCN1CCC(O)(c2ccc(Cl)c(C(F)(F)F)c2)CC1)(c1ccccc1)c1ccccc1
./data/8efo_cleaned.pdb,O=C1CN(C2CCN(C3CCCCCCC3)CC2)c2ccccc2N1
./data/8efo_cleaned.pdb,CCCN1C[C@@H]2[C@H](c3ccccc3)CC[C@H]1CN2Cc1ccc(C(=O)N(CC)CC)cc1
./data/8efo_cleaned.pdb,O=C1COC2(CCN(CCc3ccccc3)CC2)CN1c1ccccc1
./data/8efo_cleaned.pdb,C[C@H]1CN(CCc2ccccc2)[C@H](CCCc2ccccc2)C[C@@]1(C)c1cccc(O)c1
./data/8efo_cleaned.pdb,NC(=O)c1cccc([C@@H]2C[C@@H]3CC[C@H](C2)N3CCN(CC2CCC(C(F)(F)F)CC2)C(=O)[C@@H](O)CO)c1.O=C(O)C(F)(F)F
./data/8efo_cleaned.pdb,CNC(=O)CN1N=C(c2ccccc2)C2(CCN(C3CCC(C(C)(C)C)CC3)CC2)C1=O
./data/8efo_cleaned.pdb,CC(=O)NC[C@]1(c2ccc(Br)cn2)C[C@@H]2CC[C@H](C1)N2C(c1ccccc1Cl)c1ccccc1Cl
./data/8efo_cleaned.pdb,CCC1(CC)CC(CCNCc2ccccc2)(c2ccc(F)cc2)CCO1
./data/8efo_cleaned.pdb,CC[C@H](C)[C@H](NC(=O)[C@H](CCCNC(=N)N)NC(=O)[C@H](CC(C)C)NC(=O)[C@H](Cc1ccccc1)NC(=O)CNC(=O)CNC(=O)[C@@H](C)Cc1c(C)cc(O)cc1C)C(=O)N[C@@H](CCCNC(=N)N)C(=O)N1CCC[C@H]1C(=O)N[C@@H](CCCCN)C(N)=O
./data/8efo_cleaned.pdb,O=C(O)C1(c2ccccc2)CC2CCC(C1)N2C(c1ccccc1Cl)c1ccccc1Cl
./data/8efo_cleaned.pdb,C[C@H]1C2Cc3ccc(C(N)=O)c(N)c3[C@@]1(C)CCN2CC1CC1
./data/8efo_cleaned.pdb,N=C(N)NCCNC(=O)C1(Nc2ccccc2)CCN(Cc2ccccc2)CC1
./data/8efo_cleaned.pdb,C[C@H](NC(=O)[C@@H]1CCCN1C(=O)[C@@H](N)Cc1ccc(O)cc1)C(=O)N[C@@H](Cc1ccccc1)C(N)=O
./data/8efo_cleaned.pdb,CCOC(=O)/C=C1\[C@H]2CCC[C@]1(c1cccc(O)c1)CCN2CCCCNC(=O)c1cc2ccccc2[nH]1
./data/8efo_cleaned.pdb,Nc1nc2cc3c(cc2s1)C[C@@H]1[C@@H]2CCCC[C@]32CCN1CC1CC1
./data/8efo_cleaned.pdb,CN(C)C1(c2ccccc2)CCC(c2ccccc2)(N(C)Cc2cccc(F)c2)CC1
./data/8efo_cleaned.pdb,CC(O)C(=O)N(CCN1[C@H]2CC[C@@H]1C[C@H](c1cccc(C(N)=O)c1)C2)Cc1ccccc1.O=C(O)C(F)(F)F
./data/8efo_cleaned.pdb,CC(C)[C@@H]1C[C@@](C)(c2cccc(O)c2)[C@@H](C)CN1CCc1ccccc1
./data/8efo_cleaned.pdb,Fc1ccc([C@@]2(CCNCc3scc4c3CCC4)CCOC3(CCOCC3)C2)nc1
./data/8efo_cleaned.pdb,O=C1NCN(c2ccc(F)cc2)C12CCN(C1Cc3cccc4cccc1c34)CC2
./data/8efo_cleaned.pdb,COCCNC(=O)Cn1c(=O)n(C2CCN(CCC(Oc3cc(OC)ccc3C)C(C)C)CC2)c2ccccc21
./data/8efo_cleaned.pdb,Cc1ccc([C@]2(C(N)=O)C[C@@H]3CC[C@H](C2)N3C(c2ccccc2Cl)c2ccccc2Cl)nc1
./data/8efo_cleaned.pdb,O=C(Nc1ccc(F)cc1)N1CCC(c2ccccc2)(c2nccn2Cc2ccccc2)CC1
./data/8efo_cleaned.pdb,COC(=O)[C@@H]1C=C(OC(=O)c2ccccc2F)C(=O)[C@H]2[C@@]1(C)CC[C@H]1C(=O)O[C@H](c3ccoc3)C[C@@]12C
./data/8efo_cleaned.pdb,COc1ccc2c3c1O[C@H]1C(=O)CC[C@@]4(NCC/C=C/c5ccc(Cl)cc5)[C@@H](C2)N(CC2CC2)CC[C@]314
./data/8efo_cleaned.pdb,CC(C)C[C@H](NC(=O)[C@H](Cc1ccccc1)NC(=O)CNC(=O)C/C=C(\F)[C@@H](N)Cc1ccc(O)cc1)C(=O)NC1CC1
./data/8efo_cleaned.pdb,CO[C@]12CC[C@]3(C[C@H]1[C@@](C)(O)C(C)(C)C)[C@@H]1Cc4ccc(O)c5c4[C@]3(CCN1CC1CC1)[C@@H]2O5
./data/8efo_cleaned.pdb,CC(=O)Nc1cccc(CCN2CCC3(CC2)CN(c2ccccc2)C(=O)C(C)O3)c1
./data/8efo_cleaned.pdb,CN1CC2(CCN(CCc3ccccc3)CC2)OC2(CC2)C1=O
./data/8efo_cleaned.pdb,CC1=NN=C(c2ccc(N)cc2)c2cc3c(cc2C1)OCO3.Cl
./data/8efo_cleaned.pdb,CC(C)[C@H](CN1CC[C@](C)(c2cccc(O)c2)[C@H](C)C1)NC(=O)[C@H]1Cc2ccc(O)cc2CO1
./data/8efo_cleaned.pdb,C[C@@H]1CO[C@H](c2ccc(N)nc2)CN1C[C@@H]1C[C@H]1CCNC(=O)c1cc2ccccc2[nH]1
./data/8efo_cleaned.pdb,Clc1ccccc1C(c1ccccc1Cl)N1[C@H]2CC[C@@H]1C[C@H](c1ncccc1Br)C2
./data/8efo_cleaned.pdb,COc1ccc2c3c1O[C@@H]1[C@]34CCN(C)[C@H](C2)[C@]42CC[C@@]1(OC)[C@@H](COCc1ccc(Cl)cc1)C2
./data/8efo_cleaned.pdb,CCCCC1(N(C)C)CCC(c2ccccc2)(N(C)C)CC1
./data/8efo_cleaned.pdb,CN(C)[C@]1(c2ccccc2)CC[C@]2(CC1)NCCc1c3ccccc3[nH]c12.Cl
./data/8efo_cleaned.pdb,COc1ccc(CN2CCN(C(=O)c3ccco3)CC2)cc1OCc1ccccc1
./data/8efo_cleaned.pdb,Cc1nn(-c2ccc(Br)cc2Br)c2c1C(=O)CC(C)(C)C2
./data/8efo_cleaned.pdb,COc1ccc2c(c1)[C@]13CCN(CC4CC4)[C@H](C2)[C@@H]1Cc1c([nH]c2ccccc12)C3
./data/8efo_cleaned.pdb,CC(C)C[C@@H](NC(=O)[C@@H](CO[C@H]1O[C@@H](CO)[C@H](O[C@H]2O[C@@H](CO)[C@H](O)[C@@H](O)[C@@H]2O)[C@@H](O)[C@@H]1O)NC(=O)[C@@H](CCCCN)NC(=O)[C@@H](CC(C)C)NC(=O)[C@@H](C)NC(=O)[C@@H](CCCCN)NC(=O)[C@@H](CCC(=O)O)NC(=O)C(C)(C)NC(=O)[C@@H](CC(C)C)NC(=O)[C@@H](CC(N)=O)NC(=O)CCCNC(=O)[C@@H](CC(C)C)NC(=O)[C@@H](Cc1ccccc1)NC(=O)CNC(=O)[C@H](NC(=O)[C@H](N)Cc1ccc(O)cc1)[C@H](C)O)C(N)=O
./data/8efo_cleaned.pdb,CC(C)[C@H]1C[C@H]2[C@H]3Cc4ccc(O)cc4[C@@]2(CCN3CC2CC2)CC1=O
./data/8efo_cleaned.pdb,Cc1cccc([C@@H]2NC(=O)[C@H](c3ccccc3)NC(=O)[C@H](NC(=O)[C@@H](N)Cc3c(C)cc(O)cc3C)CCCCNC(=O)C[C@@H](C(N)=O)NC2=O)c1
./data/8efo_cleaned.pdb,O=S(=O)(c1ccccc1-c1ccc(CN[C@@H]2c3ccccc3C[C@@H]2O)cc1)N1CCCCC1
./data/8efo_cleaned.pdb,O=C1NCN(c2ccccc2)C12CCN(C1c3ccccc3CCc3ccccc31)CC2
./data/8efo_cleaned.pdb,CC(C)C[C@@H](NC(=O)[C@@H](CO[C@H]1O[C@@H](CO)[C@H](O)[C@@H](O)[C@@H]1O)NC(=O)[C@@H](CCCCN)NC(=O)[C@@H](CC(C)C)NC(=O)[C@@H](C)NC(=O)[C@@H](CCCCN)NC(=O)[C@@H](CCC(=O)O)NC(=O)C(C)(C)NC(=O)[C@@H](CC(C)C)NC(=O)[C@@H](CC(N)=O)NC(=O)[C@@H]1CCCN1C(=O)[C@@H](CC(C)C)NC(=O)[C@@H](Cc1ccccc1)NC(=O)CNC(=O)[C@H](NC(=O)[C@H](N)Cc1ccc(O)cc1)[C@H](C)O)C(N)=O
./data/8efo_cleaned.pdb,Cc1nn(-c2ccc(Br)cc2Br)c2c1C(=O)CC(C)(C)C2
./data/8efo_cleaned.pdb,Cc1ccc(Cl)c(OC(C(C)C)C(O)CN2CCC(n3c(O)nc4ccccc43)CC2)c1
./data/8efo_cleaned.pdb,CN1CCc2ccccc2C1CNC(=O)c1ccc(Cl)c(Cl)c1
./data/8efo_cleaned.pdb,Cc1ccccc1-c1cnc2c(c1)C[C@]1(OCCCc3ccccc3)[C@@H]3Cc4ccc(O)c5c4[C@]1(CCN3CC1CC1)[C@@H]2O5
./data/8efo_cleaned.pdb,COc1ccc(C2(C(N)=O)CC3CCC(C2)N3C(c2ccccc2Cl)c2ccccc2Cl)cc1
./data/8efo_cleaned.pdb,O=C1NCN(c2ccccc2)C12CCN(C1(c3ccccc3)CCCCC1)CC2
./data/8efo_cleaned.pdb,CCC(=O)N(Cc1ccc(F)cc1)C1CCN(CCc2ccccc2)CC1
./data/8efo_cleaned.pdb,NC(=O)[C@H](Cc1ccccc1)NC(=O)[C@H](Cc1ccccc1)NC(=O)[C@@H]1CCCN1C(=O)[C@@H](N)Cc1ccc(O)cc1
./data/8efo_cleaned.pdb,C[C@@H]1[C@@H]2Cc3ccc(C(=O)NCCc4ccc(-c5ccc(O)cc5)cc4)cc3[C@@]1(C)CCN2CC1CC1
./data/8efo_cleaned.pdb,Oc1ccc2c3c1O[C@H]1c4[nH]c5c(c4C[C@@]4(O)[C@@H](C2)N(CC2CC2)CC[C@]314)C[C@@]1(O)[C@H]2Cc3ccc(O)c4c3[C@@]1(CCN2CC1CC1)[C@H]5O4
./data/8efo_cleaned.pdb,Br.CNc1nc2c(s1)C[C@H]1[C@H]3Cc4ccc(O)cc4[C@@]1(CCN3CC1CC1)C2
./data/8efo_cleaned.pdb,CS(=O)(=O)O.c1cnc(N2CCN(Cc3ccc4c(c3)OCO4)CC2)nc1
./data/8efo_cleaned.pdb,COc1cccc([C@]2(O)CCCC[C@H]2N2CCC3(CC2)C(=O)NCN3c2ccccc2)c1
./data/8efo_cleaned.pdb,Oc1ccc2c(c1)[C@@]13CCN(CC4CC4)[C@@H](C2)[C@@]1(O)CCc1c([nH]c2ccccc12)C3
./data/8efo_cleaned.pdb,O=C1N(CCNCC2CCCCC2)CN(c2ccccc2)C12CCN(C(c1ccccc1Cl)c1ccccc1Cl)CC2
./data/8efo_cleaned.pdb,COc1cccc(C2(O)CCCCC2CN(C)C)c1
./data/8efo_cleaned.pdb,CCOc1ccc(Cc2nc3cc(NC(=N)c4ccco4)ccc3n2CCN(CC)CC)cc1.Cl.Cl
./data/8efo_cleaned.pdb,COc1ccc(C)c(OC(CCN2CCC(n3c(=O)n(CC(=O)O)c4ccccc43)CC2)C(C)C)c1
./data/8efo_cleaned.pdb,C/C=C1\C[C@@]23Cc4c([nH]c5ccccc45)[C@@H]1[C@@]21CCN(C)C3Cc2ccc(OC)c(O)c21
./data/8efo_cleaned.pdb,CC[C@H](C)[C@H](NC(=O)[C@H](CCCNC(=N)N)NC(=O)[C@H](CC(C)C)NC(=O)[C@H](Cc1ccccc1)NC(=O)CNC(=O)CNC(=O)[C@@H](N)Cc1ccc(O)cc1)C(=O)N[C@@H](CCCNC(=N)N)C(=O)N1CCC[C@H]1C(=O)N[C@@H](CCCCN)C(=O)O
./data/8efo_cleaned.pdb,COc1nc2ccccc2n([C@@H]2C[C@@H]3CC[C@H](C2)N3C2CCCCCCC2)c1=O
./data/8efo_cleaned.pdb,CN(C)CC1CN(CCc2cccc(C(F)(F)F)c2)CCC1(O)c1cccc(O)c1
./data/8efo_cleaned.pdb,N[C@@H](Cc1ccc(O)cc1)C(=O)N[C@H]1CSSC[C@H](NC(=O)[C@@H](N)Cc2ccc(O)cc2)C(=O)NCC(=O)N[C@@H](Cc2ccccc2)C(=O)NNC(=O)[C@H](Cc2ccccc2)NC(=O)CNC1=O
./data/8efo_cleaned.pdb,Cc1cc(C)cc(C2CCCN2Cc2ccc(Oc3ccc(C(N)=O)cc3)c(Cl)c2)c1
./data/8efo_cleaned.pdb,CC(C)C[C@H](NC(=O)[C@H](Cc1ccccc1)NC(=O)[C@H](Cc1c[nH]c2ccccc12)NC(=O)CNC(=O)[C@@H](N)Cc1ccc(O)cc1)C(N)=O
./data/8efo_cleaned.pdb,C[C@H]1[C@H]2Cc3ccc(O)cc3[C@]1(C)CCN2CC1CC1
./data/8efo_cleaned.pdb,CC[C@@]1(C)CC(CCNCc2ccccc2O)(c2ccc(C)cc2)CCO1
./data/8efo_cleaned.pdb,O=C1NCN(c2ccccc2)C12CCN([C@H]1CCCC[C@H]1c1ccccc1)CC2
./data/8efo_cleaned.pdb,COc1ccc2c3c1O[C@@H]1[C@]34CC[N+](C)(CC3CC3)[C@H](C2)[C@]42CC[C@@]1(OC)[C@@H](COCc1ccc(C(C)(F)F)cc1)C2
./data/8efo_cleaned.pdb,CN(C)C[C@H]1CCCC[C@]1(O)c1cccc(O)c1
./data/8efo_cleaned.pdb,C[C@H]1CC2=C([C@H]3Oc4c(O)ccc5c4[C@]34CCN(CC3CC3)[C@@H](C5)[C@@]4(O)C2)N(Cc2ccccc2)C1=O
./data/8efo_cleaned.pdb,CC(C)CNCc1ccc(-c2ccccc2S(=O)(=O)NC(C)C)cc1
./data/8efo_cleaned.pdb,NC(=O)Nc1ccc2c(c1)[C@@]13CCCC[C@H]1[C@@H](C2)N(CC1CC1)CC3
./data/8efo_cleaned.pdb,C[C@H]1CN(CCc2ccccc2)[C@H](CCc2ccccc2)C[C@@]1(C)c1cccc(O)c1
./data/8efo_cleaned.pdb,O=C(NCCCN1CCN(c2ccccc2F)CC1)C1CCC(=O)N1C1CCCCC1
./data/8efo_cleaned.pdb,Cl.Oc1cccc([C@]23CCC[C@H](C2)N(C/C=C/c2ccccc2)CC3)c1
./data/8efo_cleaned.pdb,O=C1N[C@@H](Cc2ccccc2)C(=O)N2CCC[C@@H]2C(=O)N[C@@H](Cc2ccccc2)C(=O)N[C@H]1Cc1c[nH]c2ccccc12
./data/8efo_cleaned.pdb,CCC(=O)N(CC1(N2CCN(Cc3ccccc3)CC2)CC1)c1ccccc1O
./data/8efo_cleaned.pdb,CNC(=O)Cn1c(=O)n(C2CCN(Cc3ccc(OC)c4ccccc34)CC2)c2ccccc21
./data/8efo_cleaned.pdb,Oc1ccc2c(c1)[C@@]1(CCc3ccccc3)CCN(CCCc3ccccc3)C[C@H]1O2
./data/8efo_cleaned.pdb,C[C@@H](NC(=O)[C@@H](N)Cc1ccc(O)cc1)C(=O)NCC(=O)N(C)[C@@H](Cc1ccccc1)C(=O)NCCO
./data/8efo_cleaned.pdb,C[C@@H](Cc1ccsc1)NC(=O)NC[C@H](Cc1ccc(O)cc1)N(C)C
./data/8efo_cleaned.pdb,CN(C(=O)/C=C/c1ccoc1)[C@H]1CC=C2[C@@H]3Cc4ccc(O)c5c4[C@]2(CCN3CC2CC2)[C@@H]1O5
./data/8efo_cleaned.pdb,CCC(=O)N(CC1(N2CCN(Cc3ccccc3)CC2)CCCCC1)c1ccccc1
./data/8efo_cleaned.pdb,OCCN1CCN(c2cc3[nH]c(SC4CCCCC4)nc3cc2Cl)CC1
./data/8efo_cleaned.pdb,COc1ccc2c3c1O[C@@H]1[C@]34CCN(CC3CC3)[C@H](C2)[C@]42CC[C@@]1(OC)[C@@H](CN(Cc1ccccc1)S(C)(=O)=O)C2
./data/8efo_cleaned.pdb,O=C(O)CN1CCC[C@H]1c1nc2ccccc2n1[C@@H]1C[C@@H]2CCC[C@H](C1)N2[C@H]1C[C@H]2CCCC[C@H](C2)C1
./data/8efo_cleaned.pdb,Oc1ccc2c3c1O[C@@H]1c4ncc(-c5ccc(Cl)cc5)cc4C[C@]4(OCc5ccc6ccccc6n5)[C@H](C2)N(CC2CC2)CC[C@@]314
./data/8efo_cleaned.pdb,COC(=O)[C@@H]1C=C(OC(=O)c2ccccc2)C(=O)[C@H]2[C@@]1(C)CC[C@H]1C(=O)O[C@H](c3ccoc3)C[C@@]12C
./data/8efo_cleaned.pdb,C[C@H]1C[C@H]2C[C@@H](C1)C[C@H](N1[C@H]3CCC[C@@H]1C[C@H](n1c(=O)c(C(=O)O)nc4ccccc41)C3)C2
./data/8efo_cleaned.pdb,CN1CC[C@@]23c4c5ccc(O)c4O[C@@H]2C2=C(C[C@@H](CCO)C(=O)N2Cc2ccccc2)C[C@]3(O)[C@@H]1C5
./data/8efo_cleaned.pdb,CCC(=O)N(CCN1CCC(Cc2ccc(F)cc2)CC1)c1ccc(OC)cc1
./data/8efo_cleaned.pdb,C[C@@H](NC(=O)[C@@H](N)Cc1ccc(O)cc1)C(=O)NCC(=O)N(C)[C@@H](Cc1ccccc1)C(=O)NCCO
./data/8efo_cleaned.pdb,O=c1[nH]c2ccc(Cl)cc2n1C1CCN(Cc2ccccc2Cl)CC1
./data/8efo_cleaned.pdb,C[C@@H]1CN2C[C@@H](c3ccccc3)CC[C@H]2C[C@]1(C)c1cccc(O)c1
./data/8efo_cleaned.pdb,O=C(O)C(=O)O.O=C(c1ccco1)N1CCN(Cc2ccccc2Br)CC1
./data/8efo_cleaned.pdb,CCc1cc(Cl)c(OC)c(C(=O)NCC2CCCN2CCCCNCCC(C(=O)N(C)C)(c2ccccc2)c2ccccc2)c1O
./data/8efo_cleaned.pdb,NC(=O)[C@@H](Cc1ccccc1)NC(=O)[C@@H](Cc1ccccc1)NC(=O)[C@@H]1CCCN1C(=O)[C@H](N)Cc1ccccc1
./data/8efo_cleaned.pdb,CC[C@@H]1CN2CCc3c([nH]c4c(-c5ccoc5)ccc(OC)c34)[C@@H]2C[C@@H]1/C(=C\OC)C(=O)OC
./data/8efo_cleaned.pdb,COc1ccc2c3c1O[C@H]1C(=O)CC[C@@]4(NC(=O)/C=C/Cc5ccc(Cl)cc5)[C@@H](C2)N(CC2CC2)CC[C@]314
./data/8efo_cleaned.pdb,CC[C@H]1CN2CC[C@@]3(O)c4c(cccc4OC)NC3[C@H]2C[C@H]1/C(=C\OC)C(=O)OC
./data/8efo_cleaned.pdb,C#CCOCC1CC23CCC1(OC)C1Oc4c(OC)ccc5c4[C@@]12CCN(C)[C@@H]3C5
./data/8efo_cleaned.pdb,NC(=O)c1ccc(Oc2ccc(CN3CCC[C@H]3c3cccc(F)c3)cc2)c(F)c1
./data/8efo_cleaned.pdb,C[C@H]1[C@H]2C(=O)c3ccc(O)cc3[C@]1(C)CCN2CC1CC1
./data/8efo_cleaned.pdb,CCC1C(=O)N(C2CCN(CCCCc3ccc(-c4ccccc4)cc3)CC2)c2ccccc21
./data/8efo_cleaned.pdb,CC(C)CC(=O)N(CCN1[C@H]2CC[C@@H]1C[C@H](c1cccc(O)c1)C2)Cc1cccc(F)c1
./data/8efo_cleaned.pdb,Cc1ccc(C(=O)Nc2nc3ccccc3n2CCN2CCCC2)cc1
./data/8efo_cleaned.pdb,CN1CC[C@]23c4c5ccc(C(N)=O)c4O[C@H]2C(=O)CC[C@H]3[C@H]1C5
./data/8efo_cleaned.pdb,CCCCCCC(N)C(=O)N[C@@H](Cc1c(C)cc(O)cc1C)C(=O)N1CCC[C@H]1C(=O)N[C@@H](Cc1c[nH]c2ccccc12)C(=O)N[C@@H](Cc1ccccc1)C(N)=O
./data/8efo_cleaned.pdb,CC(C)C1CCC(N2CCC(N3c4ccccc4CN(CC(N)=O)S3(=O)=O)CC2)CC1
./data/8efo_cleaned.pdb,Cc1cc(O)cc(C)c1C[C@@H](N)C(=O)N[C@H]1CCCCNC(=O)C[C@H](C(N)=O)NC(=O)[C@@H](Cc2ccc(C(F)(F)F)cc2)NC(=O)[C@@H](Cc2ccccc2)NC1=O
./data/8efo_cleaned.pdb,O=C(NCC(O)CO)c1nc2ccccc2n(C2CCN(C3CCCCCCC3)CC2)c1=O
./data/8efo_cleaned.pdb,C[C@@H]1[C@@H]2Cc3ccc(O)cc3[C@@]1(C)CCN2C[C@@H](O)c1ccccc1
./data/8efo_cleaned.pdb,CC(C)C[C@H](NC(=O)[C@H](Cc1ccccc1)NC(=O)CNC(=O)CNC(=O)[C@@H](N)Cc1ccc(O)cc1)C(=O)O
./data/8efo_cleaned.pdb,CN1CCC[C@H](c2nc3ccccc3n2C2CCN(C3(C)CCCCCCC3)CC2)C1
./data/8efo_cleaned.pdb,C[C@@H]1CN2CCN(Cc3ccccn3)C[C@@H]2C[C@]1(C)c1cccc(O)c1
./data/8efo_cleaned.pdb,CC1CC(C)CN(CCOc2cccc(Cl)c2Cl)C1.O=C(O)C(=O)O
./data/8efo_cleaned.pdb,Cc1ccnc(C2(O)CC3CCC(C2)N3C(c2ccccc2Cl)c2ccc(C)cc2Cl)c1
./data/8efo_cleaned.pdb,CN1CC[C@]23CC(=O)[C@@H](CC(=O)NCc4ccccc4)C[C@@]2(O)[C@H]1Cc1ccc(O)cc13
./data/8efo_cleaned.pdb,CC[C@@H]1CN2CCc3c([nH]c4c(C)ccc(OC)c34)[C@@H]2C[C@@H]1/C(=C\OC)C(=O)OC
./data/8efo_cleaned.pdb,CN1CC[C@]23c4c5ccc(O)c4O[C@H]2[C@@H](O)C=C[C@H]3[C@H]1C5
./data/8efo_cleaned.pdb,CCN(CC)C(=O)c1ccc(N(c2cccc(C(C)=O)c2)C2CCN(Cc3ccccc3)CC2)cc1
./data/8efo_cleaned.pdb,CS(=O)(=O)c1ccc2c(c1)[nH]c(=O)n2C1CCN(Cc2ccccc2Cl)CC1
./data/8efo_cleaned.pdb,NCCCCN(Cc1nc2ccccc2[nH]1)[C@H]1CCCc2cccnc21
./data/8efo_cleaned.pdb,COCCOCCOCCOCCOCCOCCOCCO[C@H]1CC[C@@]2(O)C3Cc4ccc(OC)c5c4[C@@]2(CCN3C)[C@H]1O5
./data/8efo_cleaned.pdb,CCC(=O)N(CC1(N2CCN(Cc3ccccc3)CC2)COC1)c1ccccc1
./data/8efo_cleaned.pdb,COc1ccc(/C=C/C(=O)NC[C@H]2C[C@@]34CC[C@@]2(OC)[C@@H]2Oc5c(OC)ccc6c5[C@@]23CCN(C)[C@@H]4C6)cc1
./data/8efo_cleaned.pdb,O=c1[nH]c2cc(Cl)ccc2n1C1CCN(Cc2ccc(Br)cc2F)CC1
./data/8efo_cleaned.pdb,O=C(CCCCCCCCC(=O)Nc1nc2cc3c(cc2s1)C[C@H]1[C@H]2CCCC[C@@]32CCN1CC1CC1)Nc1nc2cc3c(cc2s1)C[C@H]1[C@H]2CCCC[C@@]32CCN1CC1CC1
./data/8efo_cleaned.pdb,O=c1[nH]c2cc(Cl)c(Cl)cc2n1C1CCN(Cc2ccc(Cl)cc2)CC1
./data/8efo_cleaned.pdb,O=C(NCC(O)CO)c1nc2ccccc2n([C@@H]2C[C@@H]3CC[C@H](C2)N3C2CCCCCCC2)c1=O
./data/8efo_cleaned.pdb,O=[N+]([O-])c1cccc(CN2CCN(c3ncccn3)CC2)c1
./data/8efo_cleaned.pdb,CC(Cc1ccsc1)NC(=O)NCC(Cc1ccccc1)N(C)C
./data/8efo_cleaned.pdb,CN(C)C1(c2ccccc2)CCC(c2ccccc2)(N(C)C)CC1
./data/8efo_cleaned.pdb,NC(=O)c1cccc(O[C@H]2C[C@@H]3CC[C@H](C2)N3Cc2ccccc2)c1
./data/8efo_cleaned.pdb,CCCN1CCC[C@H](c2cccc(O)c2)C1.Cl
./data/8efo_cleaned.pdb,Oc1ccc2c3c1O[C@H]1[C@@H](O)CC[C@@]4(O)[C@@H](C2)N(CC2CCC2)CC[C@]314
./data/8efo_cleaned.pdb,CN(C)[C@H](CNC(=O)NCCc1cccs1)Cc1cccc2ccccc12
./data/8efo_cleaned.pdb,COC(=O)[C@H](Cc1ccccc1)NC(=O)[C@H](Cc1ccccc1)NC(=O)[C@@H]1CCCN1C(=O)[C@@H](N)Cc1ccc(O)cc1
./data/8efo_cleaned.pdb,Cc1ccc(C(c2ccccc2Cl)N2C3CCC2CC(O)(C2CCCC2)C3)c(Cl)c1
./data/8efo_cleaned.pdb,CN(C)C(=O)[C@@H]1Cc2ccccc2N1C(=O)CCN1CCC(c2ccc(F)cc2)CC1
./data/8efo_cleaned.pdb,CC(C)(C)NC[C@H](O)CN1CN(c2ccccc2)C2(CCN(CCc3ccccc3-c3cccs3)CC2)C1=O
./data/8efo_cleaned.pdb,C1=C(CCNCc2ccc(N3CCCc4ccccc43)cc2)CCCC1
./data/8efo_cleaned.pdb,C[C@H]1C2Cc3cc4nc[nH]c(=O)c4cc3[C@@]1(C)CCN2CC1CC1
./data/8efo_cleaned.pdb,O=C1Cc2ccccc2N1C1CCN([C@H]2CC[C@H]3CCCc4cccc2c43)CC1
./data/8efo_cleaned.pdb,CN1CC[C@@]23c4c5ccc(O)c4O[C@@H]2C2=C(CCC(=O)N2Cc2ccccc2)C[C@]3(O)[C@@H]1C5
./data/8efo_cleaned.pdb,Fc1ccc([C@@]2(CCNCc3cccs3)CCOC3(CCOC3)C2)cc1
./data/8efo_cleaned.pdb,O=C1N(c2cccnc2C(F)(F)F)CC2(CCN(CCc3ccccc3F)CC2)OC12CC2
./data/8efo_cleaned.pdb,CCOC(=O)c1nc2ccccc2n(C2CCN(C3CCCCCCC3)CC2)c1=O
./data/8efo_cleaned.pdb,O=S1(=O)Nc2ccccc2N1C1CCN(C2Cc3ccccc3C2)CC1
./data/8efo_cleaned.pdb,Clc1ccccc1C(c1ccccc1Cl)N1C2CCC1CC(c1ccccc1)(c1nc[nH]n1)C2
./data/8efo_cleaned.pdb,COC(=O)[C@@H]1C[C@H](OC(=O)c2ccccc2)C(=O)[C@H]2[C@@]1(C)CC[C@H]1C(=O)O[C@H](c3ccoc3)C[C@]21C
./data/8efo_cleaned.pdb,Oc1ccc2c3c1O[C@@H]1c4ncc(-c5ccccc5C5CC5)cc4C[C@]4(OCCCc5ccccc5)[C@H](C2)N(CC2CC2)CC[C@@]314
./data/8efo_cleaned.pdb,Oc1cccc([C@]23CCC[C@H]([C@@H]2O)N(C/C=C/c2ccccc2)CC3)c1
./data/8efo_cleaned.pdb,CO[C@]12CC(O)[C@@]3(C[C@@H]1[C@H](C)O)[C@H]1Cc4ccc(O)c5c4[C@@]3(CCN1C)[C@H]2O5
./data/8efo_cleaned.pdb,CCc1cc(Cl)c(OC)c(C(=O)NC[C@H]2CCCN2CCC(C#N)(c2ccccc2)c2ccccc2)c1O
./data/8efo_cleaned.pdb,CC(C)C1CCC(N2CCC3(CC2)C(=O)NCc2cc(F)ccc23)CC1
./data/8efo_cleaned.pdb,Cc1ccc(-n2[nH]c(C)c(C=Nc3ccc(Cl)c4cccnc34)c2=O)cc1
./data/8efo_cleaned.pdb,CC(=O)N1CCC(Nc2nc3ccccc3n(C3CCN(C4CCCCCCC4)CC3)c2=O)CC1
./data/8efo_cleaned.pdb,CN(C)C1(Cc2ccccc2)CCN(c2cc(C(F)(F)F)ccc2CNC(=O)Nc2cccc3ncccc23)CC1
./data/8efo_cleaned.pdb,CCOC(=O)CC[C@H]1[C@H](COCc2ccccc2)[C@]2(OC)CC[C@]13[C@H]1Cc4ccc(OC)c5c4[C@@]3(CCN1CC1CC1)[C@H]2O5
./data/8efo_cleaned.pdb,CC12C[C@@H]3C[C@H]1C[C@H]2C[C@H](N1[C@H]2CCC[C@@H]1C[C@H](n1c(=O)c(N4CC(C(=O)O)C4)nc4ccccc41)C2)C3
./data/8efo_cleaned.pdb,C[C@H](C(=O)N[C@H]1Cc2ccccc2CN(CC(N)=O)C1=O)N1Cc2cc(O)ccc2C[C@H](N)C1=O
./data/8efo_cleaned.pdb,COc1ccc2c3c1O[C@@H]1[C@]34CCN(C)[C@H](C2)[C@]42CC[C@@]1(OC)[C@@H](COCc1cccc3ccccc13)C2
./data/8efo_cleaned.pdb,O=[N+]([O-])c1cccc(CNc2ccc3c(c2)[C@]24CCCC[C@@H]2[C@H](C3)N(CC2CCC2)CC4)c1
./data/8efo_cleaned.pdb,CC(C)OC(=O)C1(N(Cc2ccco2)C(=O)c2ccccn2)CCCCC1
./data/8efo_cleaned.pdb,Cl.O=C(O[C@]12CCC(=O)[C@H]3Oc4c(O)ccc5c4[C@]31CCN(CC1CC1)[C@H]2C5)c1ccccn1
./data/8efo_cleaned.pdb,Oc1nc2ccccc2n1C1CCN(Cc2ccccc2)CC1
./data/8efo_cleaned.pdb,Cc1cc(O)cc(C)c1C[C@H](N)C(=O)N[C@H](CCCNC(=N)N)C(=O)N[C@H]1Cc2ccccc2CN(CCC(=O)N[C@@H](CCCNC(=N)N)C(=O)N[C@@H](CCCNC(=N)N)C(=O)N2CCC[C@H]2C(=O)N[C@@H](Cc2c(C)cc(O)cc2C)C(=O)N[C@H](C(=O)N[C@@H](CC(C)C)C(=O)O)C(C)(C)C)C1=O
./data/8efo_cleaned.pdb,Clc1ccccc1C(c1ccccc1Cl)N1[C@H]2CC[C@@H]1C[C@H](c1ccccc1)C2
./data/8efo_cleaned.pdb,CCC(=O)N(C[C@H](C)N1CCC(Cc2ccccc2)CC1)c1ccccc1
./data/8efo_cleaned.pdb,CN1CC[C@]23c4c5ccc(O)c4O[C@H]2C(=O)C=C[C@H]3[C@H]1C5
./data/8efo_cleaned.pdb,COc1ccc2c3c1O[C@@H]1[C@]34CCN(C)[C@H](C2)[C@]42CC[C@@]1(OC)[C@@H](COCc1ccc(OC(F)(F)F)cc1)C2
./data/8efo_cleaned.pdb,COCn1c(=O)n(C2CCN(CCC(Oc3cc(OC)ccc3C)C(C)C)CC2)c2ccccc21
./data/8efo_cleaned.pdb,O=S1(=O)Nc2ccccc2N1C1CCN(Cc2ccc(-c3ccccc3)cc2)CC1
./data/8efo_cleaned.pdb,CC(=O)N(CCN1[C@H]2CC[C@@H]1C[C@H](c1cccc(C(=O)NOP(=O)(O)O)c1)C2)CC1CCC(F)(F)CC1
./data/8efo_cleaned.pdb,CO[C@]12CC[C@@]3(C[C@@H]1[C@](C)(O)CC1CC4CCC1C4)[C@H]1Cc4ccc(O)c5c4[C@@]3(CCN1CC1CC1)[C@H]2O5
./data/8efo_cleaned.pdb,CC1(C)CC(=O)C2=C(C1)OC1=C(C(=O)CC(C)(C)C1)C2c1ccc(OCc2cccc(F)c2)cc1
./data/8efo_cleaned.pdb,CCC(=O)N(CC1(N2CCN(Cc3ccccc3)CC2)CCSCC1)c1cccc(C(F)(F)F)n1
./data/8efo_cleaned.pdb,CN1CC[C@]23Cc4nc5ccccc5cc4C[C@]2(Cc2ccc(O)cc23)C1
./data/8efo_cleaned.pdb,CN1CC[C@]23c4cccc(O)c4O[C@H]2CCC[C@@H]3C1
./data/8efo_cleaned.pdb,CCCCCCCCCCCCCCCC(=O)NCCCN1C(=O)CC(SC[C@H](NC(=O)[C@H](CC(=O)O)NC(=O)[C@H](CCSC)NC(=O)[C@H](CC(C)C)NC(=O)[C@H](Cc2c[nH]cn2)NC(=O)[C@H](Cc2ccccc2)NC(=O)[C@@H](CCSC)NC(=O)[C@@H](N)Cc2ccc(O)cc2)C(N)=O)C1=O
./data/8efo_cleaned.pdb,CC(C)(C)c1ccc(CN2[C@H]3CC[C@H]2CC(c2cccc(O)c2)C3)cc1
./data/8efo_cleaned.pdb,CCNC(=O)Oc1ccc2c(c1)C13CCCCC1C(C2)N(C)CC3
./data/8efo_cleaned.pdb,C[C@H]1CN(CCO)CCN1c1cc2[nH]c(SC(C)(C)C)nc2cc1Cl
./data/8efo_cleaned.pdb,CN(C)C(=O)[C@@H]1Cc2ccccc2N1C(=O)CCN1CCC(c2ccccc2)CC1
./data/8efo_cleaned.pdb,CCC(=O)N(CC(C)(C)N1CCN(Cc2ccccc2)CC1)c1ccccc1
./data/8efo_cleaned.pdb,COC(=O)[C@@H]1C[C@H](OC(=O)Nc2ccccc2)C(=O)[C@H]2[C@@]1(C)CC[C@H]1C(=O)O[C@H](c3ccoc3)C[C@]21C
./data/8efo_cleaned.pdb,O=C(CCCCCCCCC(=O)Oc1ccc2c(c1)[C@]13CCCC[C@]1(O)[C@H](C2)N(CC1CCC1)CC3)Oc1ccc2c(c1)[C@]13CCCC[C@@H]1[C@H](C2)N(CC1CCC1)CC3
./data/8efo_cleaned.pdb,Cc1cc(-n2ncc(=O)[nH]c2=O)ccc1C(=O)c1ccccc1Cl
./data/8efo_cleaned.pdb,C/C=C1/CN2CC[C@@H]1C(=O)c1[nH]c3ccccc3c1C2.O=S(=O)(O)O
./data/8efo_cleaned.pdb,Cl.Oc1ccc2c3c1O[C@@H]1[C@@H](O)CC[C@]4(O)[C@H](C2)N(CC2CC2)CC[C@@]314
./data/8efo_cleaned.pdb,Nc1nc2cc3c(cc2s1)C[C@@H]1[C@@H]2CCCC[C@]32CCN1CC1CCC1
./data/8efo_cleaned.pdb,CCC(=O)N(CCc1ccccc1)C1CCN(CCc2ccccc2)CC1
./data/8efo_cleaned.pdb,N=C(N)NCCC[C@H](NC(=O)CC1(CC(=O)N2CCN(C3c4ccccc4NC(=O)c4ccccc43)CC2)CCCC1)C(=O)NCCn1c(=O)n(-c2ccccc2)n(-c2ccccc2)c1=O
./data/8efo_cleaned.pdb,CC(C)=CCN1CC[C@]2(C)c3cc(O)ccc3C[C@H]1[C@@H]2C
./data/8efo_cleaned.pdb,Oc1ccccc1CNc1ccc2c(c1)[C@]13CCCC[C@@H]1[C@H](C2)N(CC1CC1)CC3
./data/8efo_cleaned.pdb,CC(C)[C@H]1CC[C@@H](N2CCC3(CC2)[C@@H]2CN(Cc4ccccc4)C[C@@H]2CN3c2ccccc2)CC1
./data/8efo_cleaned.pdb,COCC(=O)N(Cc1ccc(F)cc1)C1CCN(CCc2ccccc2)CC1
./data/8efo_cleaned.pdb,COCCO[C@H]1CC[C@@]2(O)C3Cc4ccc(O)c5c4[C@@]2(CCN3C)[C@H]1O5
./data/8efo_cleaned.pdb,CC(C)CCN(CCc1ccccc1)CCc1cccc(O)c1.Cl
./data/8efo_cleaned.pdb,COC(=O)[C@@H]1C[C@H](OC(C)=O)C(=O)[C@H]2[C@@]1(C)CC[C@H]1C(=O)O[C@H](c3nc(C)no3)C[C@]21C
./data/8efo_cleaned.pdb,O=C1/C(=C/c2ccccc2F)C[C@]2(O)[C@@H]3Cc4ccc(O)c5c4[C@]2(CCN3CC2CC2)[C@@H]1O5
./data/8efo_cleaned.pdb,CC1(C)SSC(C)(C)[C@H](NC(=O)[C@@H](N)Cc2ccc(O)cc2)C(=O)NCC(=O)N[C@@H](Cc2ccccc2)C(=O)N2CCN(CC2)C(=O)[C@H](Cc2ccccc2)NC(=O)CNC(=O)[C@H]1NC(=O)[C@@H](N)Cc1ccc(O)cc1
./data/8efo_cleaned.pdb,COc1cccc(C2(O)CCCCC2CN(C)C)c1
./data/8efo_cleaned.pdb,CC1C2Cc3ccc(C(N)=O)cc3C1(C)CCN2CC1CC1
./data/8efo_cleaned.pdb,COCC1(N(C(=O)C(C)[18F])c2ccccc2)CCN(CCc2cccs2)CC1
./data/8efo_cleaned.pdb,Cc1ccc(C(c2ccccc2Cl)N2C3CCC2CC(O)(C2=NCCCN2)C3)c(Cl)c1
./data/8efo_cleaned.pdb,CN(C(=O)Cc1ccc(CNS(=O)(=O)c2ccc(F)cc2)cc1)[C@H](CN1CC[C@H](O)C1)c1ccccc1
./data/8efo_cleaned.pdb,CC(c1ccc(Br)cc1F)N1CCC(n2c(=O)[nH]c3ccccc32)CC1
./data/8efo_cleaned.pdb,C=C(C(N)=O)[C@@H](NC(=O)[C@H](Cc1c[nH]c2ccccc12)NC(=O)[C@H]1CCN(C(=O)[C@@H](N)Cc2c(C)cc(O)cc2C)C1)c1ccccc1
./data/8efo_cleaned.pdb,Cl.O=c1n(C(CO)CO)c2ccccc2n1C1CCN(C[C@@H]2[C@@H]3CC[C@@H](C3)C23CC3)CC1
./data/8efo_cleaned.pdb,C=C(C(N)=O)[C@@H](NC(=O)[C@H](Cc1c[nH]c2ccccc12)NC(=O)[C@@H]1CCCN1C(=O)[C@@H](N)Cc1ccc(O)cc1)c1ccc(OC)cc1
./data/8efo_cleaned.pdb,C[C@H]1C2Cc3ccc(C(=O)N(C)CCc4ccc(-c5ccccc5)cc4)cc3[C@@]1(C)CCN2CC1CC1
./data/8efo_cleaned.pdb,COCCN1CC[C@@]2(C)c3cc(O)ccc3C[C@@H]1[C@@H]2C
./data/8efo_cleaned.pdb,Cc1nc(C)c(-c2csc(Nc3c(C)cccc3F)n2)s1
./data/8efo_cleaned.pdb,NC(=O)[C@H]1Cc2ccccc2CN(C(=O)C[C@H](Cc2ccccc2)NC(=O)[C@@H]2CCCN2C(=O)[C@@H](N)Cc2ccc(O)cc2)C1.O=C(O)C(F)(F)F
./data/8efo_cleaned.pdb,O=C(c1ccccc1)N1C[C@@H]2OC34CCC1C2C31CCN(CCc2ccccc2)C4Cc2ccc(O)cc21
./data/8efo_cleaned.pdb,Oc1cccc(CNc2ccc3c(c2)[C@]24CCCC[C@@H]2[C@H](C3)N(CC2CCC2)CC4)c1
./data/8efo_cleaned.pdb,O=c1[nH]c2cc(Cl)ccc2n1C1CCN(Cc2ccccc2Cl)CC1
./data/8efo_cleaned.pdb,NC(=O)[C@@]1(c2cc(CF)c(F)cn2)C[C@@H]2CC[C@H](C1)N2C(c1ccccc1Cl)c1ccccc1Cl
./data/8efo_cleaned.pdb,CN1CCN(C2(CNC(=O)c3ccccc3Oc3ccccc3)CCCCC2)CC1
./data/8efo_cleaned.pdb,COc1ccc(C)cc1NC(=O)c1ccc(CN2CCN(c3ccccc3)CC2)cc1
./data/8efo_cleaned.pdb,CC(=O)NCC[C@@H]1C[C@@](C)(c2cccc(O)c2)[C@@H](C)CN1CCc1ccccc1
./data/8efo_cleaned.pdb,CN(C)[C@@H](CNC(=O)c1c[nH]nc1-c1ccccc1)c1cccs1
./data/8efo_cleaned.pdb,CSCC[C@H](NC(=O)[C@H](Cc1ccccc1)NC(=O)CNC(=O)CNC(=O)[C@@H](N)Cc1ccc(O)cc1)C(=O)O
./data/8efo_cleaned.pdb,CC1(C)c2cc(O)ccc2C[C@@H](S(C)(=O)=O)[C@H]1N
./data/8efo_cleaned.pdb,C[C@@H](NC(=O)[C@@H](N)Cc1ccc(O)cc1)C(=O)NCC(=O)N(C)[C@@H](Cc1ccccc1)C(=O)NCCO
./data/8efo_cleaned.pdb,N[C@H](Cc1ccc(O)cc1)C(=O)N[C@H]1CSSC[C@H](NC(=O)[C@H](N)Cc2ccc(O)cc2)C(=O)NCC(=O)N[C@H](Cc2ccccc2)C(=O)NCCSSCCNC(=O)[C@@H](Cc2ccccc2)NC(=O)CNC1=O
./data/8efo_cleaned.pdb,C=C(C)n1c(=O)n(CCN2CCC(N(C(=O)OCC)c3ccc(Cl)c(Cl)c3)CC2)c2ccccc21
./data/8efo_cleaned.pdb,O=C1[C@@H]2O[C@]34CC[C@]5(OCOc6c(O)ccc7c6[C@]3(CCN(CCc3ccccc3)[C@H]4C7)[C@@H]25)N1Cc1ccccc1
./data/8efo_cleaned.pdb,C[C@H]1CN(CCC(=O)N[C@@H](Cc2ccccc2)C(=O)O)CC[C@@]1(C)c1cccc(O)c1
./data/8efo_cleaned.pdb,CNC(=O)Cn1c(=O)n(C2CCN(C3CCC4CCCCC4C3)CC2)c2ccccc21
./data/8efo_cleaned.pdb,Cc1ccnc2c1n1cccc1c(=O)n2CC(=O)NCCCN1CCN(c2ccc3c(c2)OCO3)CC1
./data/8efo_cleaned.pdb,COC(=O)C1(NC(=O)C2=C(O)[C@@H]3Oc4c(O)ccc5c4[C@@]34CCN(CC3CC3)[C@H](C5)[C@]4(O)C2)CC1
./data/8efo_cleaned.pdb,O=C(N[C@H]1CC[C@]2(O)[C@@H]3Cc4ccc(O)c5c4[C@]2(CCN3CC2CC2)[C@@H]1O5)c1ccncc1
./data/8efo_cleaned.pdb,C[C@@H](Cc1ccsc1)NC(=O)NC[C@H](Cc1ccc(O)cc1)N(C)C
./data/8efo_cleaned.pdb,C=CCN1C[C@H](C)N([C@H](c2ccc(C(=O)N(CC)CC)cc2)c2cccc(OC)c2)C[C@H]1C
./data/8efo_cleaned.pdb,C=C(C)n1c(=O)n(CCN2CCC(N(C(=O)CC)c3cc(Cl)ccc3Cl)CC2)c2ccccc21
./data/8efo_cleaned.pdb,CCN(CCNC(=O)c1ccc(CNS(=O)(=O)c2ccc(C)cc2)cc1)Cc1ccccc1
./data/8efo_cleaned.pdb,CO[C@@]12CC[C@@]3(C[C@@H]1CNC(=O)/C=C/c1ccc([N+](=O)[O-])cc1)[C@H]1Cc4ccc(O)c5c4[C@@]3(CCN1C)[C@H]2O5
./data/8efo_cleaned.pdb,O=C(Cc1ccc(Cl)c(Cl)c1)N1CCNC2CCCC(N3CCCC3)C21
./data/8efo_cleaned.pdb,NC(=O)c1ccc(Oc2ccc(CN3CCC[C@H]3c3cccnc3)cc2)c(Cl)c1
./data/8efo_cleaned.pdb,C[C@@H](NC(=O)[C@@H](N)Cc1ccc(O)cc1)C(=O)NCC(=O)N(C)[C@@H](Cc1ccccc1)C(=O)NCCO
./data/8efo_cleaned.pdb,Cc1cccc(CN2CCN(c3ccccn3)CC2)c1
./data/8efo_cleaned.pdb,Cc1csc(CNCC[C@]2(c3ccccn3)CCOC3(CCCC3)C2)c1
./data/8efo_cleaned.pdb,COc1ccc2c3c1O[C@H]1[C@]4(OC)CC[C@@]5(C[C@@H]4CNC(=O)/C=C/c4ccccc4[N+](=O)[O-])[C@@H](C2)N(C)CC[C@]315
./data/8efo_cleaned.pdb,Cc1cnc(N2CC[C@H](NC3CCCCC3)[C@@H](O)C2)c(-c2nc(C)no2)c1
./data/8efo_cleaned.pdb,CCC1C(=O)N(C2CCN(C/C=C/c3ccccc3)CC2)c2ccccc21
./data/8efo_cleaned.pdb,N/C(=N\C(=O)NCc1ccccc1)NCCCc1nnc(N)s1.O=C(O)C(F)(F)F.O=C(O)C(F)(F)F
./data/8efo_cleaned.pdb,CN1CC[C@@]23c4c5ccc(O)c4O[C@@H]2[C@@]2(OCCF)C=C[C@]3(C[C@H]2[C@](C)(O)CCc2ccccc2)[C@@H]1C5
./data/8efo_cleaned.pdb,CCCCCCCCCC(O)c1cc2c(cc1O)[C@]13CCCC[C@@H]1[C@H](C2)N(CC1CCC1)CC3
./data/8efo_cleaned.pdb,CC(C)c1nnc(CCNC(=O)COCC(=O)NCCCCCCCNC(=O)COCC(=O)N[C@H]2CC[C@]3(O)[C@@H]4Cc5ccc(O)c6c5[C@]3(CCN4CC3CC3)[C@@H]2O6)n1C1C[C@@H]2CC[C@H](C1)N2CC[C@@H](NC(=O)C1CCC(F)(F)CC1)c1ccccc1
./data/8efo_cleaned.pdb,Cc1cccc(N2CCN(CCNC(=O)Cn3c(=O)c4cccn4c4cccnc43)CC2)c1C
./data/8efo_cleaned.pdb,NC(=O)c1cccc([C@@H]2C[C@@H]3CC[C@H](C2)N3CCN(CC2CCC2)C(=O)CO)c1.O=C(O)C(F)(F)F
./data/8efo_cleaned.pdb,CCN(CC)C(=O)c1ccc(C2(c3cccc(O)c3)CCN(CCc3ccccc3)CC2)cc1
./data/8efo_cleaned.pdb,C=C(C(N)=O)[C@@H](NC(=O)[C@H](Cc1c[nH]c2ccccc12)NC(=O)[C@@H]1CCCN1C(=O)[C@@H](N)Cc1ccc(O)cc1)c1ccc2ccccc2c1
./data/8efo_cleaned.pdb,CN(C)C1(Cc2ccccc2)CCN(c2cc(C(F)(F)F)ccc2CNC(=O)Nc2ccc(NS(C)(=O)=O)c(F)c2)CC1
./data/8efo_cleaned.pdb,C[C@H]1CN(C[C@H](Cc2ccccc2)C(=O)N[C@@H](Cc2ccc3ccccc3c2)C(=O)O)CC[C@@]1(C)c1cccc(O)c1
./data/8efo_cleaned.pdb,CN(CCNC(=O)c1ccc(CNS(=O)(=O)c2ccc([N+](=O)[O-])cc2)cc1)Cc1ccccc1
./data/8efo_cleaned.pdb,CCC(C)(C)[C@H]1CC[C@@H](N2CCC(N3C(=O)Cc4ccccc43)CC2)CC1
./data/8efo_cleaned.pdb,CC1(C)SSC(C)(C)[C@@H](NC(=O)[C@@H](N)Cc2ccc(O)cc2)C(=O)NCC(=O)N[C@H](Cc2ccccc2)C(=O)N[C@H]1C(=O)O
./data/8efo_cleaned.pdb,C[C@@H](NC(=O)[C@@H](N)Cc1ccc(O)cc1)C(=O)NCC(=O)N[C@@H](Cc1ccccc1)C(=O)NNC(=O)[C@H](Cc1ccccc1)NC(=O)CNC(=O)[C@@H](C)NC(=O)[C@@H](N)Cc1ccc(O)cc1
./data/8efo_cleaned.pdb,O=C1NC[C@H](c2ccccc2)C12CCN([C@H]1CCCC[C@H]1c1ccccc1)CC2
./data/8efo_cleaned.pdb,COc1ccc2c3c1O[C@@H]1[C@]34CCN(CC3CC3)[C@H](C2)[C@]42CC[C@@]1(OC)[C@@H](COC(=O)[C@@H](N)CC(C)C)C2
./data/8efo_cleaned.pdb,Oc1ccc2c(c1)[C@]13CCN(CCc4ccccc4)[C@H](CC[C@@H]1O2)C3
./data/8efo_cleaned.pdb,NC(=O)c1ccc(Oc2ccc(CNCc3ccccc3)cc2)nc1
./data/8efo_cleaned.pdb,C[C@H]1C2Cc3ccc(C(=O)NCCc4ccc(-c5cccnc5)cc4)cc3[C@@]1(C)CCN2CC1CC1
./data/8efo_cleaned.pdb,COc1ccc(C)c(OC(CCN2CCC3(CC2)C(=O)NCN3c2ccccc2)C(C)C)c1
./data/8efo_cleaned.pdb,Cl.O=C(O[C@]12CCC(=O)[C@H]3Oc4c(O)ccc5c4[C@]31CCN(CC1CC1)[C@H]2C5)c1ccc2ccccc2n1
./data/8efo_cleaned.pdb,Cc1nc(-c2nc(-c3c(C(=O)NNC(=O)Nc4cccc(Cl)c4)noc3C)cs2)cs1
./data/8efo_cleaned.pdb,CN1CC[C@@]23c4c5ccc(O)c4O[C@@H]2C2=C(CCC(=O)N2Cc2ccccc2)C[C@]3(O)[C@@H]1C5
./data/8efo_cleaned.pdb,Cl.O=C(N[C@@H]1C=C[C@]2(O)[C@@H]3Cc4ccc(O)c5c4[C@]2(CCN3CC2CC2)[C@@H]1O5)c1c[nH]c2cnccc12
./data/8efo_cleaned.pdb,C[C@@H]1[C@@H]2CC[C@@H](c3ccccc3)CN2CC[C@]1(C)c1cccc(O)c1
./data/8efo_cleaned.pdb,CCc1ccc(C(=O)NCC2NCCc3ccccc32)cc1
./data/8efo_cleaned.pdb,CC(C)[C@H]1CC[C@@H](N2CCC(n3cc(CNC(=O)[C@@H](N)CCCNC(=N)N)c4ccccc43)CC2)CC1
./data/8efo_cleaned.pdb,C[C@H]1C2Cc3ccc(C(=O)NCCCc4ccc(-c5ccccc5)cc4)cc3[C@@]1(C)CCN2CC1CC1
./data/8efo_cleaned.pdb,CCOc1ccc(Cc2nc3cc(NC(=N)c4cccs4)ccc3n2CCN(CC)CC)cc1.Cl.Cl
./data/8efo_cleaned.pdb,Cc1ccc(C(=O)NCC2NCCc3ccccc32)cc1
./data/8efo_cleaned.pdb,CCC(=O)N(c1ccccc1)C1(C(=O)NCc2ccccc2)CCN(CCc2ccccc2)CC1
./data/8efo_cleaned.pdb,C[C@H]1CN2C[C@H](c3ccccc3)CC[C@H]2C[C@@]1(C)c1cccc(O)c1
./data/8efo_cleaned.pdb,C[C@@H](NC(=O)[C@@H](N)Cc1ccc(O)cc1)C(=O)NCC(=O)N(C)[C@@H](Cc1ccccc1)C(=O)NCCO
./data/8efo_cleaned.pdb,C[C@@H](NC(=O)[C@@H](N)Cc1ccc(O)cc1)C(=O)NCC(=O)N(C)[C@@H](Cc1ccccc1)C(=O)NCCO
./data/8efo_cleaned.pdb,C[C@@H]1CN2CCN(S(=O)(=O)c3ccccc3)C[C@@H]2C[C@]1(C)c1cccc(O)c1
./data/8efo_cleaned.pdb,C[C@@H]1CN2CCN(Cc3ccco3)C[C@@H]2C[C@]1(C)c1cccc(O)c1
./data/8efo_cleaned.pdb,NCc1ccccc1C1(O)CCN(C(c2ccccc2)c2ccccc2)CC1
./data/8efo_cleaned.pdb,CNC(=O)COCC(=O)NCCCCCCCNC(=O)COCC(=O)N[C@H]1CC[C@]2(O)[C@@H]3Cc4ccc(O)c5c4[C@]2(CCN3CC2CC2)[C@@H]1O5
./data/8efo_cleaned.pdb,NC(=O)c1cccc(O[C@H]2C[C@@H]3CC[C@H](C2)N3C2CCCc3ccccc32)c1
./data/8efo_cleaned.pdb,COc1ccc2c3c1OC1C4(OC)CCC5(CC4COCc4ccccc4)[C@@H](C2)N(C)CC[C@]315
./data/8efo_cleaned.pdb,C[C@@H]1[C@@H]2Cc3ccc(O)cc3[C@@]1(C)CCN2CCC(=O)N1CCc2ccccc2C1c1ccccc1
./data/8efo_cleaned.pdb,Clc1ccccc1C(c1ccccc1Cl)N1[C@H]2CC[C@@H]1C[C@]1(CNc3ccccc31)C2
./data/8efo_cleaned.pdb,Cc1cc(-n2ncc(=O)[nH]c2=O)ccc1C(=O)c1ccccc1Cl
./data/8efo_cleaned.pdb,c1ccc(N2CCN(Cc3ccsc3)CC2)nc1
./data/8efo_cleaned.pdb,CCc1cc(F)c2nc(N3CCC(NC4CCOCC4)CC3)c(-c3nc(C)no3)cc2c1
./data/8efo_cleaned.pdb,O=C1NC(=O)[C@]2(CC[C@@]34Cc5ccc(O)cc5[C@@]3(CCN(CC3CC3)C4)C2)N1
./data/8efo_cleaned.pdb,CCOc1ccc(CN2CCc3ccccc3C2)cc1CNC(=O)[C@@H](N)Cc1c(C)cc(O)cc1C.O=C(O)C(F)(F)F
./data/8efo_cleaned.pdb,Nc1nc2cc3c(cc2o1)[C@@]12CCCC[C@H]1[C@@H](C3)N(CC1CC1)CC2
./data/8efo_cleaned.pdb,COc1ccc2c3c1O[C@H]1[C@]4(OC)CC[C@@]5(C[C@@H]4CNC(=O)/C=C/c4ccccc4)[C@@H](C2)N(C)CC[C@]315
./data/8efo_cleaned.pdb,CN(C)C(=O)C(CCNCCC(O)CN1CCN(c2cccc(Cl)c2Cl)CC1)(c1ccccc1)c1ccccc1
./data/8efo_cleaned.pdb,NC(=O)[C@H](NC1CCN(Cc2ccccn2)CC1)c1ccc(F)cc1
./data/8efo_cleaned.pdb,Cl.O=C(O[C@]12CCC(=O)[C@H]3Oc4c(O)ccc5c4[C@]31CCN(CC1CC1)[C@H]2C5)c1ccncc1
./data/8efo_cleaned.pdb,C[C@@H](NC(=O)[C@@H](Cc1ccccc1)CN1CC[C@@](C)(c2cccc(O)c2)[C@@H](C)C1)C(=O)O
./data/8efo_cleaned.pdb,CCC(=O)N(CCCCNC(=N)N)C1CCN(CCc2ccccc2)CC1
./data/8efo_cleaned.pdb,c1cnc(N2CCN(Cc3c[nH]c4ccccc34)CC2)nc1
./data/8efo_cleaned.pdb,NC(=O)CNC(=O)[C@H]1CCC(=O)NCCCC[C@H](NC(=O)[C@H](N)Cc2ccc(O)cc2)C(=O)N[C@H](Cc2c[nH]c3ccccc23)C(=O)N[C@H](Cc2ccccc2)C(=O)N1
./data/8efo_cleaned.pdb,CN1CC[C@]23Cc4c(c5ccccc5n4C)C[C@]2(Cc2ccc(O)cc23)C1
./data/8efo_cleaned.pdb,CC(C)[C@H](CN1CC[C@](C)(c2cccc(O)c2)[C@H](C)C1)NC(=O)[C@@H]1Cc2ccc(O)cc2CS1=O
./data/8efo_cleaned.pdb,CCC(=O)N(CC(C)N1CCC(Cc2ccccc2)CC1)c1ccc(F)cc1
./data/8efo_cleaned.pdb,Fc1ccc2[nH]cc(C3CCN(CC4CCCCCCC4)CC3)c2c1
./data/8efo_cleaned.pdb,Cc1nn(-c2ccc(Cl)cc2Br)c2c1C(=O)CC(C)(C)C2
./data/8efo_cleaned.pdb,CN1CC[C@]23c4c5ccc(O)c4O[C@H]2[C@@H](O)C=C[C@H]3[C@H]1C5
./data/8efo_cleaned.pdb,O=C(N[C@H]1CN(S(=O)(=O)c2ccccc2)C[C@@H]1C(=O)N[C@H]1CCCNC1)c1cc(-c2ccccc2Cl)on1
./data/8efo_cleaned.pdb,CC1OC2(CCN(CCc3ccccc3)CC2)CN(c2ccccc2Cl)C1=O
./data/8efo_cleaned.pdb,O=C(O)CC(=O)N(CCN1[C@H]2CC[C@@H]1C[C@H](c1cccc(O)c1)C2)CC1CCCCC1
./data/8efo_cleaned.pdb,CCC(=O)N(CC1(N2CCN(CCCOC)CC2)CCOCC1)c1cccc(C(F)(F)F)n1
./data/8efo_cleaned.pdb,C=C(C(N)=O)C(NC(=O)[C@H](Cc1ccccc1)NC(=O)[C@@H](C)N(C)C(=O)C(N)Cc1c(C)cc(O)cc1C)c1ccccc1
./data/8efo_cleaned.pdb,CCC[C@@H]1C[C@@](C)(c2cccc(O)c2)[C@@H](C)CN1CCC
./data/8efo_cleaned.pdb,COC(=O)CN1Cc2ccccc2N(C2CCN(C3CCC(C(C)C)CC3)CC2)S1(=O)=O
./data/8efo_cleaned.pdb,Nc1nc2cc3c(cc2s1)C[C@H]1[C@H]2CCCC[C@@]32CCN1CCCF
./data/8efo_cleaned.pdb,C=CCNC(=O)O[C@H]1C[C@@H](C(=O)OC)[C@]2(C)CC[C@H]3C(=O)O[C@H](c4ccoc4)C[C@]3(C)[C@H]2C1=O
./data/8efo_cleaned.pdb,COc1ccc2c3c1O[C@H]1C4(OC)CC[C@@]5(C[C@@H]4COCC#N)[C@@H](C2)N(CC2CC2)CC[C@]315
./data/8efo_cleaned.pdb,CC[C@@H]1CN2CCc3c([nH]c4ccccc34)[C@@H]2C[C@@H]1/C(=C\OC)C(=O)OC
./data/8efo_cleaned.pdb,O=C(C/C=C/c1ccc(Cl)cc1)N[C@@]12CCC(=O)[C@@H]3Oc4c(O)ccc5c4[C@@]31CCN(CC1CC1)[C@@H]2C5
./data/8efo_cleaned.pdb,COc1cccc([C@@]2(O)CCCC[C@@H]2CN(C)C)c1
./data/8efo_cleaned.pdb,NC(=O)[C@H]1CCC(=O)NCCCC[C@H](NC(=O)[C@H](N)Cc2ccc(O)cc2)C(=O)N[C@H](Cc2c[nH]c3ccccc23)C(=O)N[C@H](Cc2ccccc2)C(=O)N1
./data/8efo_cleaned.pdb,Cc1nn(-c2cc(Cl)ccc2Cl)c2c1C(=O)CC(C)(C)C2
./data/8efo_cleaned.pdb,CCOc1ccc(Cc2nc3cc(NC(=N)c4ccoc4)ccc3n2CCN(CC)CC)cc1.Cl.Cl
./data/8efo_cleaned.pdb,COc1ccc(NC(=O)c2nc3ccccc3n(C3CCN(C4CCCCCCC4)CC3)c2=O)cn1
./data/8efo_cleaned.pdb,Oc1ccc2c(c1)[C@]13CCN(CC4CCC4)[C@H](C2)[C@@H]1Cc1c([nH]c2ccccc12)C3
./data/8efo_cleaned.pdb,C[C@H]1CN(C[C@H](Cc2ccccc2)C(=O)N[C@@H](Cc2ccccc2)C(=O)O)CC[C@@]1(C)c1cccc(O)c1
./data/8efo_cleaned.pdb,C[C@@H]1CN2C[C@H](c3ccccc3)NC[C@@H]2C[C@]1(C)c1cccc(O)c1
./data/8efo_cleaned.pdb,COc1ccc2c(c1)[C@]13CCN(CC4CC4)[C@H](C2)[C@]1(O)CC(CC(=O)O)(CC(=O)O)C(=O)C3
./data/8efo_cleaned.pdb,CCC(=O)N(CC(C)N1CCC(Cc2ccccc2)CC1)c1ccccc1
./data/8efo_cleaned.pdb,CN(C)CC1CN(C(=O)Cc2ccccc2Cl)CCC1(O)c1cccc(O)c1
./data/8efo_cleaned.pdb,Cc1ccccc1C1(N2CCC3(CC2)C(=O)NCC3c2ccc(F)cc2)CCCCC1
./data/8efo_cleaned.pdb,O=C(CCN1CCN(c2ccccc2)CC1)N/N=C/c1ccccc1OC(F)F
./data/8efo_cleaned.pdb,O=C1CC[C@@]2(O)[C@H]3Cc4ccc(O)c5c4[C@@]2(CCN3CC2CC2)[C@H]1O5
./data/8efo_cleaned.pdb,O=C1CNc2ccccc2N1C1CCN(C2CCCCCCC2)CC1
./data/8efo_cleaned.pdb,CN(C)c1nnc(-c2ccc(C(C)(C)C)cc2)n1-c1cccc(O)c1
./data/8efo_cleaned.pdb,CCN(CC)C(=O)c1ccc(N(c2cccc(CO)c2)C2CCN(Cc3ccccc3)CC2)cc1
./data/8efo_cleaned.pdb,C[C@H]1C2Cc3ccc(C(=O)NCCc4ccc(-c5ccccc5)nc4)cc3[C@@]1(C)CCN2CC1CC1
./data/8efo_cleaned.pdb,CC[C@@H]1CN2CC[C@]3(Nc4cccc(OC)c4C3=O)[C@@H]2C[C@@H]1/C(=C\OC)C(=O)OC
./data/8efo_cleaned.pdb,COc1ccc2c3c1O[C@H]1[C@]4(OC)CC[C@@]5(C[C@@H]4CNC(=O)/C=C/c4ccccc4C)[C@@H](C2)N(C)CC[C@]315
./data/8efo_cleaned.pdb,C[C@H]1CN(CCC(=O)N[C@@H](Cc2ccc(-c3ccccc3)cc2)C(=O)O)CC[C@@]1(C)c1cccc(O)c1
./data/8efo_cleaned.pdb,COCCN(C(=O)COCc1ccccc1)C1c2ccccc2C=CC1N1CCN(c2ccccc2)CC1
./data/8efo_cleaned.pdb,Oc1ccc2c(c1)[C@@]1(CCCCCc3ccccc3)CCN(CCc3ccccc3C(F)(F)F)C[C@H]1O2
./data/8efo_cleaned.pdb,CC1CCC(CN(CCN2[C@H]3CC[C@@H]2C[C@H](c2cccc(C(N)=O)c2)C3)C(=O)CS(C)(=O)=O)CC1.O=C(O)C(F)(F)F
./data/8efo_cleaned.pdb,CC1(N2CCC(n3c(-c4cccc(C(F)(F)F)c4)nc4ccccc43)CC2)CCCCCCC1
./data/8efo_cleaned.pdb,C[C@H]1C[C@H]2C[C@@H](C1)C[C@H](N1[C@H]3CCC[C@@H]1C[C@H](n1c(=O)c(N4CC(CC(=O)O)C4)nc4ccccc41)C3)C2
./data/8efo_cleaned.pdb,COC(=O)[C@@H]1C[C@H](OC(C)=O)C(=O)[C@H]2[C@@]1(C)CC[C@H]1C(=O)O[C@H](C3=C[C@@H](OC)O[C@H]3OC)C[C@]21C
./data/8efo_cleaned.pdb,Oc1ccc2c3c1O[C@@H]1c4ncc(-c5cn[nH]c5)cc4C[C@]4(OCCCc5ccccc5)[C@H](C2)N(CC2CC2)CC[C@@]314
./data/8efo_cleaned.pdb,C[C@H]1[C@H]2Cc3ccc(Nc4ccccc4)cc3[C@@]1(C)CCN2CC1CC1
./data/8efo_cleaned.pdb,O=c1[nH]c2ccccc2n([C@@H]2C[C@@H]3CCC[C@H](C2)N3C2CCCCCCC2)c1=O
./data/8efo_cleaned.pdb,CCC1(C)CC(CCNCc2ccccc2O)(c2ccccc2OC)CCO1
./data/8efo_cleaned.pdb,C=CCN1CC[C@]23c4c5ccc(O)c4O[C@H]2C(=O)CC[C@@]3(O)[C@H]1C5
./data/8efo_cleaned.pdb,Cc1cc(C)cc([C@@H]2CCCN2Cc2ccc(Oc3ccc(C(N)=O)cc3F)cc2)c1
./data/8efo_cleaned.pdb,CCOC(=O)C1(CCc2ccccc2)CCN(Cc2ccc(NC(C)=O)cc2)CC1
./data/8efo_cleaned.pdb,OC1(c2ccccc2)CCN(C(c2ccccc2)c2ccccn2)CC1
./data/8efo_cleaned.pdb,CN1CC[C@]23c4c5ccc(O)c4O[C@H]2[C@@H](O)C=C[C@H]3[C@H]1C5
./data/8efo_cleaned.pdb,CC(C)[C@H](CN1CC[C@](C)(c2cccc(O)c2)[C@H](C)C1)NC(=O)[C@@H]1Cc2ccc(OCCF)cc2CN1
./data/8efo_cleaned.pdb,C=C(C(N)=O)[C@H](NC(=O)[C@@H](Cc1ccccc1)NC(=O)[C@H](CN)NC(=O)[C@H](N)Cc1ccc(O)cc1)c1ccco1
./data/8efo_cleaned.pdb,CCC(c1ccc(Cl)cc1)N1CCC(n2c(=O)[nH]c3ccccc32)CC1
./data/8efo_cleaned.pdb,Cc1nnc(C(C)C)n1C1CC2CCC(C1)N2CC[C@H](NC(=O)C1CCC(F)(F)CC1)c1ccc(NC(=O)COCC(=O)NCCCCCCCNC(=O)COCC(=O)N[C@@H]2CC[C@@]3(O)[C@H]4Cc5ccc(O)c6c5[C@@]3(CCN4CC3CC3)[C@H]2O6)cc1
./data/8efo_cleaned.pdb,C[C@H]1CN(CCc2ccccc2)CC[C@@]1(C)c1cccc(CO)c1
./data/8efo_cleaned.pdb,CN(C)C[C@@H]1CN(C(=O)Cc2cc(F)c(F)cc2F)CC[C@@]1(O)c1cccc(O)c1
./data/8efo_cleaned.pdb,Cl.O=C(O[C@]12CCC(=O)[C@H]3Oc4c(O)ccc5c4[C@]31CCN(CC1CC1)[C@H]2C5)c1cccnc1
./data/8efo_cleaned.pdb,C/C=C1/CN2CC[C@]34c5cc(O)ccc5N(C)[C@@]35OC[C@]4(C(=O)OC)[C@@H]1C[C@@H]25
./data/8efo_cleaned.pdb,CN(C)[C@]1(c2ccccc2)CC[C@H](OCc2ccccc2)CC1.Cl
./data/8efo_cleaned.pdb,CC[C@@H](c1cccc(O)c1)[C@@H](C)CN(C)C
./data/8efo_cleaned.pdb,NC(=O)c1cccc([C@@H]2C[C@@H]3CC[C@H](C2)N3CCN(CC23CC4CC(CC(C4)C2)C3)C(=O)CCC(=O)O)c1.O=C(O)C(F)(F)F
./data/8efo_cleaned.pdb,O=C1N[C@@H](Cc2ccccc2)C(=O)N2CCC[C@@H]2C(=O)N[C@H](Cc2ccccc2)C(=O)N[C@H]1Cc1c[nH]c2ccccc12
./data/8efo_cleaned.pdb,Cc1cc(O)cc(C)c1C[C@@H](N)C(=O)N1Cc2ccccc2C[C@@H]1CN[C@H](Cc1ccccc1)C(=O)N[C@H](Cc1ccccc1)C(N)=O
./data/8efo_cleaned.pdb,CC(C)C[C@H](NC(=O)[C@H](Cc1ccccc1)NC(=O)CNC(=O)C/C=C(\F)[C@@H](N)Cc1ccc(O)cc1)C(=O)O
./data/8efo_cleaned.pdb,Cl.Oc1ccc(C2=CCNCC2)cc1O
./data/8efo_cleaned.pdb,C[C@@H]1CN2CCN(Cc3cccc(O)c3)C[C@@H]2C[C@]1(C)c1cccc(O)c1
./data/8efo_cleaned.pdb,O=c1[nH]c2ccccc2n([C@H]2C[C@@H]3CCC[C@H](C2)N3C2CCCCCCC2)c1=O
./data/8efo_cleaned.pdb,Cc1ccc(-n2nc(C)c3c2CC(C)(C)CC3=O)c(Br)c1
./data/8efo_cleaned.pdb,CC(C)[C@@H](CN1CC[C@@](C)(c2cccc(O)c2)[C@@H](C)C1)NC(=O)[C@H]1Cc2ccc(O)cc2CN1
./data/8efo_cleaned.pdb,Cc1ccsc1C1(N(C)C)CCC2(CCN(C(=O)CC(C)C)C2)CC1
./data/8efo_cleaned.pdb,CN1CC[C@]23Cc4c(c5ccccc5n4C)C[C@]2(Cc2ccc(O)cc23)C1
./data/8efo_cleaned.pdb,C[C@H]1C2Cc3ccc(C(=O)NCCc4ccc(-c5ccccc5)cc4)cc3[C@@]1(C)CCN2CC1CC1
./data/8efo_cleaned.pdb,Fc1ccc([C@@]2(CCNCc3scc4c3CCCC4)CCO[C@@]3(CCOC3)C2)nc1
./data/8efo_cleaned.pdb,CCCCN1CCN(C2(CN(C(=O)CC)c3cccc(C(F)(F)F)n3)CCOCC2)CC1
./data/8efo_cleaned.pdb,O=S(=O)(c1ccccc1-c1ccc(CN2C[C@H]3CCC[C@@H]2C3)cc1)N1CCCC1
./data/8efo_cleaned.pdb,N#CC(CCNCCCCN1CCN(c2cccc(Cl)c2Cl)CC1)(c1ccccc1)c1ccccc1
./data/8efo_cleaned.pdb,O=C1NCN(c2ccccc2)C12CCN([C@H]1CCCC[C@@]1(O)c1ccccc1)CC2
